Card_id|Ssn|Bname|Address|Phone
ID000001|850-47-3740|Mark Morgan|5677 Coolidge Street, Plano, TX|(469) 904-1438
ID000002|256-95-4382|Eric Warren|9062 Schurz Drive, Dallas, TX|(214) 701-8127
ID000003|256-51-5268|Robert Harper|7786 Sachs Place, Plano, TX|(214) 875-5911
ID000004|976-95-2914|Donna Franklin|3 Magdeline Terrace, Plano, TX|(214) 800-6127
ID000005|906-63-3588|Linda King|41260 Kedzie Terrace, Dallas, TX|(469) 213-2549
ID000006|206-26-7141|Judy Holmes|6583 Manitowish Hill, Dallas, TX|(972) 898-5909
ID000007|898-61-3567|Deborah Lawrence|2 Hermina Trail, Dallas, TX|(972) 900-2951
ID000008|644-25-0492|Adam Johnston|05671 Norway Maple Court, Dallas, TX|(469) 743-0176
ID000009|678-12-4697|Pamela Carr|1848 Fordem Avenue, Richardson, TX|(972) 247-9852
ID000010|562-33-7951|Daniel Fisher|400 Cody Lane, Plano, TX|(214) 891-7743
ID000011|441-90-7753|Stephen Fields|99 Fair Oaks Drive, Plano, TX|(214) 801-3069
ID000012|305-53-3736|Walter Ferguson|814 Sutteridge Point, Dallas, TX|(469) 945-8172
ID000013|634-61-6311|Paul Cook|58295 Pierstorff Pass, Richardson, TX|(469) 932-0168
ID000014|661-24-6360|Roy Smith|563 Fairview Park, Dallas, TX|(214) 911-4724
ID000015|350-83-8412|Michelle Gardner|28309 Paget Court, Plano, TX|(469) 974-2681
ID000016|439-75-5475|George Powell|31 Clove Crossing, Dallas, TX|(972) 885-7291
ID000017|431-61-5822|Nicholas Hudson|29 Esker Trail, Dallas, TX|(469) 698-4000
ID000018|879-82-7179|Linda Henderson|117 Katie Center, Dallas, TX|(469) 997-0832
ID000019|484-96-1826|Gregory Fowler|42454 Hermina Plaza, Dallas, TX|(214) 936-8301
ID000020|562-52-7080|Carol Sanders|99600 Moland Way, Dallas, TX|(214) 762-1061
ID000021|876-61-5170|Mark Hamilton|76425 Dixon Hill, Dallas, TX|(972) 802-7903
ID000022|139-71-1123|Anthony Brown|8691 Walton Terrace, Dallas, TX|(972) 947-3376
ID000023|239-16-6210|James Rivera|4 Golden Leaf Trail, Dallas, TX|(214) 761-8129
ID000024|283-06-7717|Tammy Cole|22 Atwood Parkway, Dallas, TX|(469) 292-1882
ID000025|371-60-9878|Donald Bowman|196 Golf View Terrace, Dallas, TX|(214) 956-6083
ID000026|438-78-7652|Susan Gomez|601 Warbler Point, Richardson, TX|(972) 877-1341
ID000027|893-37-1519|Juan Martin|846 Johnson Circle, Dallas, TX|(214) 828-5694
ID000028|434-92-5388|Samuel Bailey|1367 Northport Drive, Dallas, TX|(972) 972-2250
ID000029|444-50-9807|Paul White|24775 Melvin Place, Dallas, TX|(469) 459-4087
ID000030|557-41-0386|Gregory Clark|259 Porter Avenue, Dallas, TX|(972) 979-5771
ID000031|123-99-1439|Steven Wood|852 Darwin Alley, Dallas, TX|(214) 984-2801
ID000032|507-26-2481|Jessica Fuller|975 Carpenter Parkway, Dallas, TX|(972) 956-5055
ID000033|258-33-5117|Donna Greene|86 Delladonna Lane, Dallas, TX|(469) 969-6535
ID000034|876-94-4518|Edward Ford|34 Fulton Circle, Dallas, TX|(214) 869-1555
ID000035|153-20-8011|Steve Torres|781 Loeprich Alley, Dallas, TX|(469) 964-7789
ID000036|881-79-3670|Alice Rivera|79 Dayton Center, Dallas, TX|(214) 841-3416
ID000037|878-61-5560|Jessica Freeman|27997 Loftsgordon Lane, Dallas, TX|(214) 835-4205
ID000038|728-84-4113|Kenneth Harrison|25074 Holmberg Park, Richardson, TX|(972) 774-1504
ID000039|792-17-4540|Betty Austin|4 Schmedeman Terrace, Dallas, TX|(972) 927-7561
ID000040|433-05-3698|Irene Gonzalez|820 Oxford Crossing, Dallas, TX|(214) 865-5203
ID000041|132-21-3747|Charles Foster|850 Summerview Crossing, Dallas, TX|(469) 910-6688
ID000042|457-93-9804|Gregory Perez|57 Bluejay Pass, Dallas, TX|(972) 433-8549
ID000043|906-16-1095|Jose Stone|93 Waywood Parkway, Dallas, TX|(972) 991-8017
ID000044|882-36-6316|Patrick Moore|78 Crest Line Road, Dallas, TX|(214) 950-2446
ID000045|728-96-3473|Louis Lynch|12197 Kinsman Center, Dallas, TX|(469) 820-4208
ID000046|377-44-1238|Matthew Snyder|169 Mayfield Park, Richardson, TX|(469) 855-5018
ID000047|582-62-7069|Sara Wagner|24827 Twin Pines Junction, Richardson, TX|(469) 914-5869
ID000048|577-82-2947|Louise Long|6 Haas Center, Dallas, TX|(214) 939-0517
ID000049|216-53-6968|Judy Hamilton|65364 Mosinee Center, Dallas, TX|(972) 847-2849
ID000050|202-40-3427|Evelyn Young|4788 South Street, Dallas, TX|(214) 864-9776
ID000051|897-56-8517|James Moore|9089 Lunder Parkway, Dallas, TX|(469) 830-4056
ID000052|923-84-7867|Clarence Romero|68501 Michigan Street, Plano, TX|(972) 982-1803
ID000053|539-63-0143|Jennifer Smith|3 Cordelia Terrace, Dallas, TX|(469) 963-5598
ID000054|636-25-1591|Jack Baker|01441 Eastlawn Place, Dallas, TX|(972) 909-1277
ID000055|622-93-5915|Amy Nguyen|79 Rigney Circle, Dallas, TX|(214) 905-2261
ID000056|823-00-8890|Maria Stevens|5348 David Point, Plano, TX|(972) 992-5831
ID000057|534-07-7079|Teresa Carpenter|6280 Spenser Lane, Dallas, TX|(972) 908-2593
ID000058|203-68-8563|Roy Arnold|7548 Dunning Junction, Richardson, TX|(214) 990-9053
ID000059|457-75-1314|Randy Stewart|5004 Emmet Park, Dallas, TX|(469) 422-2991
ID000060|524-73-0400|Brenda Fernandez|335 Forster Alley, Dallas, TX|(214) 920-6944
ID000061|344-66-8375|Janet Thompson|1 Chinook Place, Plano, TX|(972) 986-8081
ID000062|716-55-3314|Billy Ortiz|4 Hintze Court, Dallas, TX|(469) 808-1346
ID000063|869-29-5873|Edward Hawkins|96231 Northland Plaza, Dallas, TX|(972) 798-3752
ID000064|218-81-6261|Mark Morgan|5 Miller Lane, Dallas, TX|(469) 784-6546
ID000065|913-50-1956|Carolyn Morgan|975 Golf View Place, Dallas, TX|(469) 674-8726
ID000066|749-40-8693|Tina Weaver|5414 Green Ridge Street, Dallas, TX|(469) 840-0879
ID000067|992-92-6136|Eric Taylor|6 Fisk Pass, Dallas, TX|(214) 714-7652
ID000068|378-07-1662|Ruth Henry|84 Hermina Street, Dallas, TX|(972) 934-2054
ID000069|388-44-9990|Phillip Perkins|84771 Bartelt Trail, Dallas, TX|(214) 917-4226
ID000070|288-23-0361|Annie Welch|80 Stuart Road, Dallas, TX|(972) 516-1320
ID000071|509-44-1761|Lois Hunter|49 Blaine Lane, Plano, TX|(972) 809-1141
ID000072|704-79-5907|Lisa Cook|4412 Lakewood Gardens Plaza, Richardson, TX|(972) 653-9871
ID000073|948-30-8402|Kathleen Harvey|13 Grayhawk Hill, Dallas, TX|(469) 547-7753
ID000074|651-57-6305|Diane Stevens|0091 American Circle, Dallas, TX|(469) 942-1364
ID000075|908-63-2676|Samuel Young|0157 Holmberg Street, Richardson, TX|(469) 918-5729
ID000076|727-25-3782|Mark Riley|4900 Thompson Court, Dallas, TX|(972) 767-2036
ID000077|775-32-5935|Bonnie Ross|0 Walton Court, Richardson, TX|(972) 766-6908
ID000078|402-35-0549|Elizabeth Arnold|952 Sage Pass, Dallas, TX|(214) 967-2424
ID000079|270-86-6950|John Walker|2 Packers Crossing, Dallas, TX|(469) 796-5094
ID000080|982-11-9636|William Simmons|1232 Hayes Crossing, Dallas, TX|(972) 903-7706
ID000081|757-38-5276|Lisa Kelley|3718 Twin Pines Way, Dallas, TX|(972) 900-0487
ID000082|980-24-2372|Carl Larson|096 Goodland Parkway, Dallas, TX|(469) 550-2228
ID000083|444-73-4007|Brandon Anderson|8 Leroy Circle, Dallas, TX|(469) 993-9270
ID000084|278-33-4174|Gloria Myers|03 Elmside Center, Plano, TX|(469) 853-3967
ID000085|772-25-9640|Daniel Freeman|9584 Elka Place, Dallas, TX|(972) 769-9270
ID000086|232-98-4647|Judith Mitchell|2506 Merchant Terrace, Dallas, TX|(972) 902-9669
ID000087|937-38-5159|Alan King|958 Burrows Street, Dallas, TX|(214) 583-5636
ID000088|327-80-3166|Steve Phillips|45557 Jana Court, Dallas, TX|(972) 937-9620
ID000089|405-92-7423|Brenda Butler|5 Calypso Avenue, Dallas, TX|(972) 892-6177
ID000090|133-37-8900|Patricia Spencer|65143 Union Lane, Dallas, TX|(214) 909-9264
ID000091|227-64-6193|Larry Olson|50299 Lien Parkway, Dallas, TX|(972) 965-7073
ID000092|272-41-6460|Victor Sullivan|272 Milwaukee Point, Plano, TX|(972) 759-4852
ID000093|318-95-0284|Kathryn Taylor|2952 Thackeray Point, Dallas, TX|(214) 862-0958
ID000094|729-22-8562|Rachel Little|755 Kropf Pass, Dallas, TX|(972) 797-7226
ID000095|783-54-9793|Donald Richardson|951 Chive Avenue, Dallas, TX|(972) 934-6450
ID000096|131-52-5777|Stephen Chapman|0 Lunder Alley, Dallas, TX|(214) 987-1376
ID000097|335-18-5473|Harold Richardson|76743 Burrows Court, Dallas, TX|(469) 899-1924
ID000098|933-15-2171|Ernest Palmer|6 Upham Drive, Dallas, TX|(972) 942-2638
ID000099|595-38-3883|Pamela Matthews|2 Green Lane, Dallas, TX|(214) 944-0666
ID000100|808-44-7643|Jason Campbell|6 Raven Court, Dallas, TX|(972) 811-4885
ID000101|924-16-0243|Joyce Fuller|45900 Iowa Way, Dallas, TX|(469) 906-3524
ID000102|348-53-9608|Andrea Bailey|33 Cardinal Alley, Richardson, TX|(972) 846-5566
ID000103|379-16-0722|Denise Perry|68 Old Shore Lane, Dallas, TX|(214) 991-3418
ID000104|997-92-4787|Michael Jacobs|0 Brentwood Place, Richardson, TX|(469) 924-9727
ID000105|664-95-5489|Catherine Reid|41544 Anniversary Crossing, Plano, TX|(214) 948-8236
ID000106|424-12-2851|Aaron Romero|844 Union Way, Dallas, TX|(972) 535-5154
ID000107|295-19-3279|John Warren|9127 Farragut Center, Dallas, TX|(469) 923-5725
ID000108|806-92-2733|Steve Garrett|729 Kenwood Court, Richardson, TX|(214) 703-1311
ID000109|466-92-6624|Jimmy Ellis|8 Nevada Place, Dallas, TX|(972) 742-8738
ID000110|454-64-8101|Jose Perez|4463 Commercial Circle, Richardson, TX|(469) 852-3133
ID000111|909-18-6864|Katherine Dean|4978 Cordelia Way, Dallas, TX|(972) 886-7232
ID000112|203-54-9198|Ashley Jackson|676 David Road, Dallas, TX|(469) 976-0450
ID000113|177-45-8737|Kathryn Hart|29 Dexter Circle, Dallas, TX|(972) 900-3590
ID000114|279-96-6074|Dennis Ruiz|18784 Browning Circle, Dallas, TX|(972) 974-1505
ID000115|561-91-3511|Sharon Cox|4 Hoffman Street, Dallas, TX|(214) 915-0820
ID000116|325-12-4236|Ruby Burke|5 Swallow Avenue, Dallas, TX|(972) 928-8965
ID000117|537-25-0563|Jerry Stewart|54494 Kenwood Trail, Dallas, TX|(469) 817-5662
ID000118|508-36-5238|Howard Fisher|2 Reinke Lane, Plano, TX|(972) 325-6683
ID000119|663-89-7131|Eric Phillips|578 Westend Pass, Dallas, TX|(972) 893-0831
ID000120|582-89-0521|Albert Cruz|04 Shopko Way, Dallas, TX|(972) 471-4420
ID000121|112-24-4907|Timothy Harrison|04099 Anhalt Place, Dallas, TX|(214) 849-7879
ID000122|593-24-8597|Ronald Phillips|4632 Brentwood Hill, Dallas, TX|(469) 945-4638
ID000123|152-06-9743|Antonio Bishop|212 Memorial Lane, Richardson, TX|(469) 835-8047
ID000124|917-73-0651|Howard Green|9 Florence Trail, Dallas, TX|(214) 875-8195
ID000125|550-66-4068|Willie Murphy|09 Loeprich Parkway, Richardson, TX|(214) 954-5495
ID000126|151-32-0622|Christine Washington|95086 Eliot Alley, Dallas, TX|(469) 844-5383
ID000127|363-52-9311|Angela Ellis|61 Chinook Avenue, Dallas, TX|(469) 912-7557
ID000128|498-97-9543|Kathy Wagner|1 Columbus Crossing, Plano, TX|(214) 958-2980
ID000129|109-59-3700|Antonio Carr|6996 Arizona Avenue, Dallas, TX|(469) 724-0803
ID000130|919-11-7074|Samuel Ellis|69968 Meadow Ridge Alley, Dallas, TX|(469) 957-8249
ID000131|532-19-3189|Bruce Williamson|51 Maywood Place, Richardson, TX|(214) 969-6651
ID000132|186-61-2257|Ruby Mcdonald|031 Ohio Lane, Dallas, TX|(214) 970-5621
ID000133|758-82-0981|Jack Larson|43086 Dexter Way, Dallas, TX|(469) 913-6292
ID000134|789-85-0156|Tammy Hunter|08 Marquette Pass, Dallas, TX|(214) 919-0495
ID000135|144-61-2857|Mildred Richards|6863 Warbler Crossing, Dallas, TX|(469) 636-7310
ID000136|812-34-4775|Janet Dixon|1 Ridgeway Terrace, Dallas, TX|(972) 381-9665
ID000137|605-13-5959|Antonio Hamilton|2545 Lerdahl Center, Dallas, TX|(214) 886-6681
ID000138|873-83-1740|Louise Jordan|7326 Reindahl Point, Dallas, TX|(972) 518-9421
ID000139|992-25-4077|Linda Hunt|710 Lighthouse Bay Point, Dallas, TX|(972) 754-7045
ID000140|222-46-0064|Joan Webb|90 Bashford Avenue, Dallas, TX|(469) 955-0632
ID000141|135-71-1523|Kevin Frazier|47 Bluejay Hill, Dallas, TX|(972) 965-3683
ID000142|490-88-8407|Todd Schmidt|4 Lakeland Pass, Dallas, TX|(214) 903-6828
ID000143|797-95-4607|Andrea Sims|898 Killdeer Pass, Dallas, TX|(469) 988-0761
ID000144|959-24-3477|Barbara Brooks|305 Mendota Plaza, Dallas, TX|(469) 958-8251
ID000145|600-79-0040|Kenneth Anderson|246 Shopko Drive, Richardson, TX|(972) 998-5406
ID000146|704-59-6830|Jessica Knight|36 Forest Park, Richardson, TX|(469) 961-0488
ID000147|542-87-9344|Dorothy Adams|2483 Melody Plaza, Richardson, TX|(972) 881-8472
ID000148|634-80-8812|Phillip Adams|4 Derek Point, Dallas, TX|(972) 918-0335
ID000149|599-72-6050|James Carpenter|6668 Ilene Court, Dallas, TX|(214) 820-8276
ID000150|751-57-0699|Amy Lopez|715 Westend Avenue, Dallas, TX|(469) 830-1019
ID000151|570-71-9526|Frank Gomez|61280 Mallory Parkway, Plano, TX|(214) 962-2973
ID000152|585-65-8864|Debra Rogers|4 Southridge Place, Richardson, TX|(469) 753-7894
ID000153|784-42-3645|Aaron Chapman|840 Messerschmidt Plaza, Dallas, TX|(972) 753-3651
ID000154|327-00-2811|Jerry Cruz|48314 Muir Crossing, Dallas, TX|(214) 973-8302
ID000155|209-64-5805|Gerald Mccoy|71113 Corry Circle, Plano, TX|(469) 758-3820
ID000156|352-52-5321|Matthew Ward|3726 Oneill Terrace, Plano, TX|(972) 668-2488
ID000157|312-33-6562|Marilyn Andrews|61664 Warrior Street, Dallas, TX|(972) 831-4215
ID000158|585-35-8539|Lawrence Coleman|0 Scoville Plaza, Plano, TX|(469) 987-3187
ID000159|766-72-6736|Sarah Burton|65230 Prairie Rose Point, Plano, TX|(972) 736-0106
ID000160|519-22-1664|Gerald White|82 Delaware Plaza, Plano, TX|(214) 774-5757
ID000161|811-23-2706|Shawn Robertson|9 Troy Alley, Dallas, TX|(214) 943-9366
ID000162|983-17-1073|Samuel Arnold|1748 Monterey Road, Dallas, TX|(469) 741-5231
ID000163|153-09-5087|Ruby Mcdonald|00621 Killdeer Crossing, Dallas, TX|(469) 941-5043
ID000164|208-16-2580|Lillian Kim|47585 Nova Drive, Dallas, TX|(214) 740-2312
ID000165|604-54-4201|Pamela Bradley|2 Lakewood Gardens Place, Richardson, TX|(469) 871-3326
ID000166|764-51-2571|Ralph Chavez|15739 Vera Plaza, Dallas, TX|(214) 598-5319
ID000167|102-72-1991|Martin Richards|8 New Castle Trail, Dallas, TX|(469) 976-0263
ID000168|743-82-1324|Chris Simmons|46833 Farmco Junction, Dallas, TX|(469) 810-0333
ID000169|915-27-6165|Martin Stevens|573 Oneill Hill, Dallas, TX|(469) 570-2393
ID000170|615-68-8488|Lisa West|55586 Ronald Regan Lane, Dallas, TX|(972) 998-4345
ID000171|538-66-1965|Daniel Marshall|3 Manitowish Crossing, Dallas, TX|(469) 730-4725
ID000172|981-95-3778|John Hicks|81 Northfield Place, Richardson, TX|(972) 727-1591
ID000173|802-73-6786|Roger Harrison|9 Meadow Vale Drive, Dallas, TX|(469) 941-5954
ID000174|777-08-7277|Teresa Thompson|06364 Gerald Street, Dallas, TX|(972) 670-1547
ID000175|445-90-2407|Arthur Freeman|51652 Russell Street, Dallas, TX|(469) 994-4509
ID000176|909-02-3006|Howard Simpson|95 Redwing Lane, Dallas, TX|(972) 910-0392
ID000177|790-10-1835|Christopher Spencer|6 Northfield Crossing, Dallas, TX|(214) 821-9650
ID000178|847-64-1856|Theresa Wood|0420 Westport Circle, Dallas, TX|(469) 994-1901
ID000179|930-97-8594|Lillian Wright|82972 Raven Road, Dallas, TX|(972) 960-5502
ID000180|823-59-4050|Sara Rogers|7 Twin Pines Circle, Dallas, TX|(214) 984-5323
ID000181|831-37-2302|Linda Richards|046 Harper Center, Dallas, TX|(214) 998-2489
ID000182|139-70-8042|Albert Cunningham|414 Summer Ridge Trail, Richardson, TX|(972) 716-3924
ID000183|611-16-9228|Debra Holmes|22 Bluejay Road, Plano, TX|(972) 954-8773
ID000184|248-33-5177|Jason Davis|82931 Cardinal Junction, Dallas, TX|(214) 969-9787
ID000185|399-38-8513|Justin Fowler|1958 Leroy Way, Dallas, TX|(972) 915-2410
ID000186|515-58-4650|Catherine Harris|4091 Doe Crossing Alley, Plano, TX|(469) 968-7984
ID000187|911-94-6409|Gary Reyes|06 Shelley Parkway, Dallas, TX|(972) 985-2014
ID000188|952-37-2293|Clarence Harvey|637 Blackbird Crossing, Dallas, TX|(972) 735-8046
ID000189|866-26-3470|Kathleen Lynch|0 Northview Center, Dallas, TX|(469) 858-9821
ID000190|696-87-1283|Angela Myers|07 Jenifer Point, Plano, TX|(214) 996-3258
ID000191|525-30-0056|Paula Roberts|2025 Annamark Court, Richardson, TX|(214) 919-1512
ID000192|455-25-1300|Marie Hudson|35523 Fulton Point, Richardson, TX|(972) 955-0047
ID000193|300-83-3012|Victor George|16 Butterfield Place, Plano, TX|(469) 982-0024
ID000194|568-53-7223|Judith Lane|59463 Havey Center, Dallas, TX|(469) 962-1701
ID000195|219-13-1583|Steven Carpenter|64 Rutledge Court, Richardson, TX|(972) 759-2760
ID000196|628-41-9882|Beverly Welch|0 7th Point, Richardson, TX|(214) 758-2027
ID000197|553-83-0248|Chris Cox|386 Coleman Avenue, Richardson, TX|(214) 902-1149
ID000198|664-42-3811|Heather Duncan|3 Acker Avenue, Richardson, TX|(972) 906-2444
ID000199|932-05-2280|Helen Cooper|90887 Ohio Trail, Dallas, TX|(214) 723-9307
ID000200|359-15-6568|Linda Dixon|0506 Boyd Plaza, Richardson, TX|(214) 940-0096
ID000201|377-03-6374|Eric Wood|730 Bonner Hill, Dallas, TX|(972) 959-7132
ID000202|956-77-5994|Brenda Brooks|4 Pennsylvania Hill, Dallas, TX|(972) 960-5440
ID000203|262-72-9956|Fred Crawford|00 Mariners Cove Terrace, Dallas, TX|(972) 978-1543
ID000204|935-26-1044|Alan Morris|2238 Debra Center, Dallas, TX|(469) 701-3591
ID000205|575-57-3479|Jimmy Watkins|91873 Colorado Crossing, Dallas, TX|(469) 933-3579
ID000206|534-35-2839|Keith Fisher|2 Muir Crossing, Richardson, TX|(972) 999-1883
ID000207|487-48-3434|Rose Oliver|3152 Thackeray Point, Dallas, TX|(214) 971-9384
ID000208|282-19-5051|Johnny Vasquez|809 Grover Circle, Dallas, TX|(972) 843-5554
ID000209|198-52-6239|Judith Dunn|337 Northview Point, Dallas, TX|(972) 999-1156
ID000210|165-45-3343|Roger Freeman|13 Farmco Way, Dallas, TX|(469) 854-9842
ID000211|983-87-0005|Richard Bailey|3108 Browning Park, Richardson, TX|(214) 718-0392
ID000212|387-20-1613|Ernest Palmer|66600 Pleasure Drive, Dallas, TX|(214) 238-1120
ID000213|440-22-0860|Janice Long|26577 Laurel Road, Dallas, TX|(214) 972-0889
ID000214|589-60-2564|Thomas Schmidt|0 New Castle Crossing, Plano, TX|(469) 745-9014
ID000215|564-07-7138|Kathryn Hayes|18504 Basil Hill, Dallas, TX|(469) 831-7793
ID000216|106-58-8800|Chris Perkins|14865 John Wall Center, Plano, TX|(972) 957-3368
ID000217|664-12-8122|Thomas Scott|449 Schurz Parkway, Dallas, TX|(469) 914-5396
ID000218|394-69-4479|Judy Richards|9420 Main Hill, Dallas, TX|(469) 871-8324
ID000219|977-89-1063|Janice Garrett|2998 Chive Place, Dallas, TX|(214) 809-6943
ID000220|720-12-0662|Raymond Peterson|892 Fairfield Point, Richardson, TX|(469) 947-5199
ID000221|344-03-8015|Marilyn Williams|0 John Wall Circle, Dallas, TX|(214) 992-8183
ID000222|166-80-9145|Teresa Reid|9224 Manufacturers Terrace, Dallas, TX|(972) 457-6436
ID000223|628-54-4529|Irene Medina|51 Southridge Pass, Dallas, TX|(972) 994-3852
ID000224|763-92-5219|Linda Carpenter|43 Dovetail Road, Dallas, TX|(972) 866-8440
ID000225|468-30-6717|Jonathan Harrison|113 Havey Crossing, Plano, TX|(469) 900-2769
ID000226|716-63-5871|Laura Graham|72346 Emmet Place, Dallas, TX|(469) 892-4249
ID000227|462-64-8746|Sharon Pierce|9 Clove Trail, Dallas, TX|(972) 930-5410
ID000228|890-27-4530|Katherine Boyd|90 Park Meadow Junction, Dallas, TX|(214) 652-5153
ID000229|875-97-7822|Brian Perkins|5988 Havey Street, Dallas, TX|(972) 973-2502
ID000230|867-84-8327|Eric Cooper|7 Granby Road, Dallas, TX|(972) 970-2642
ID000231|907-94-1254|Randy Stanley|94552 Linden Court, Dallas, TX|(972) 815-8835
ID000232|319-59-2633|Pamela Gutierrez|50236 Goodland Lane, Plano, TX|(972) 968-2569
ID000233|145-92-8000|Keith Perkins|9543 Farragut Road, Richardson, TX|(214) 804-0599
ID000234|361-70-3782|Scott Spencer|5 Lukken Junction, Dallas, TX|(214) 701-4621
ID000235|992-96-4866|Todd Bryant|418 Onsgard Hill, Dallas, TX|(214) 980-7359
ID000236|916-54-8159|Jose Anderson|2705 Ohio Junction, Dallas, TX|(214) 530-2752
ID000237|133-83-4824|Amanda Davis|1636 Norway Maple Place, Plano, TX|(469) 913-5733
ID000238|712-12-8661|Richard Cruz|69 Marquette Park, Richardson, TX|(469) 902-7741
ID000239|325-77-2883|Sara Walker|18924 3rd Circle, Dallas, TX|(972) 932-7544
ID000240|974-70-9717|Gloria Sanders|36961 Green Ridge Place, Dallas, TX|(214) 937-3306
ID000241|584-04-3187|Jonathan Harris|286 Merry Way, Dallas, TX|(469) 873-4473
ID000242|152-31-3951|Juan Fields|291 Marquette Parkway, Richardson, TX|(972) 916-7303
ID000243|950-88-3244|Wanda Mills|79024 Surrey Way, Dallas, TX|(469) 920-6298
ID000244|315-12-0643|Karen Davis|83 Holy Cross Drive, Dallas, TX|(972) 890-5755
ID000245|328-21-2988|Scott Montgomery|96247 Oriole Circle, Dallas, TX|(972) 929-5312
ID000246|752-03-8294|Michael Stevens|356 Shoshone Drive, Dallas, TX|(469) 803-5017
ID000247|223-10-5941|Andrea Baker|90 Heath Drive, Dallas, TX|(469) 930-1109
ID000248|383-36-2902|Marilyn Alexander|443 Dottie Circle, Dallas, TX|(972) 406-2617
ID000249|556-96-7003|Harry Alvarez|636 Express Way, Dallas, TX|(214) 954-5716
ID000250|760-25-1865|Rose Peterson|034 Shelley Drive, Dallas, TX|(972) 861-4171
ID000251|196-06-0978|Barbara Garcia|5690 Acker Road, Dallas, TX|(469) 517-8843
ID000252|140-56-2974|Ann Berry|37940 Morning Hill, Dallas, TX|(972) 918-7984
ID000253|493-92-4232|Paul Turner|75287 Pleasure Place, Dallas, TX|(972) 782-6768
ID000254|353-18-9662|Theresa Day|9 American Ash Crossing, Dallas, TX|(972) 909-4722
ID000255|926-42-8995|Andrew Gilbert|8 American Parkway, Dallas, TX|(972) 834-2804
ID000256|741-11-7814|Alice Turner|4 Namekagon Lane, Dallas, TX|(214) 660-6741
ID000257|700-23-8477|Julie Smith|61345 Namekagon Place, Dallas, TX|(469) 861-2346
ID000258|390-30-8158|Alice Carr|7564 Ohio Plaza, Dallas, TX|(214) 549-1687
ID000259|941-05-7192|Harry Baker|7 Straubel Center, Plano, TX|(469) 590-5412
ID000260|949-37-6371|Donna Cooper|1629 Summer Ridge Plaza, Dallas, TX|(469) 957-3027
ID000261|947-04-7262|Laura Rogers|7776 Summer Ridge Court, Dallas, TX|(972) 730-7675
ID000262|443-61-5562|Jessica Hicks|17138 Ryan Circle, Dallas, TX|(469) 815-6162
ID000263|428-09-7397|George Turner|4 Quincy Pass, Richardson, TX|(214) 958-2175
ID000264|354-53-8826|Joan Watkins|9601 Lerdahl Pass, Plano, TX|(214) 814-9170
ID000265|757-21-3141|Andrea Gonzalez|127 Russell Hill, Dallas, TX|(972) 809-5959
ID000266|924-17-9942|Billy Little|46 Autumn Leaf Junction, Dallas, TX|(972) 986-6001
ID000267|778-68-6617|Teresa Marshall|2 Sheridan Trail, Dallas, TX|(469) 884-2394
ID000268|431-20-0144|Benjamin Lynch|53 Tennyson Park, Dallas, TX|(469) 877-9851
ID000269|851-35-0300|Nancy Dixon|4 Dwight Street, Dallas, TX|(972) 770-3641
ID000270|583-40-6101|Jean Dunn|4 North Street, Dallas, TX|(469) 995-6149
ID000271|125-98-5061|Anthony Gardner|9823 Donald Terrace, Dallas, TX|(972) 432-3180
ID000272|750-84-1386|Benjamin Morrison|21 Oriole Terrace, Dallas, TX|(214) 409-6322
ID000273|319-09-3742|Anne Dixon|9579 Browning Crossing, Dallas, TX|(972) 907-6080
ID000274|585-90-0674|Denise Wallace|6021 Portage Park, Dallas, TX|(972) 940-4355
ID000275|416-38-3510|Linda Owens|13 Monterey Alley, Richardson, TX|(214) 836-3577
ID000276|614-68-5656|Larry Warren|2657 Mitchell Hill, Plano, TX|(972) 938-7212
ID000277|984-48-8111|Edward Hunt|6 Claremont Avenue, Dallas, TX|(972) 763-1900
ID000278|446-20-4077|Harry Mcdonald|22283 Farragut Place, Plano, TX|(214) 873-3156
ID000279|154-67-1759|Lawrence Wells|841 Delaware Place, Dallas, TX|(214) 976-7034
ID000280|218-70-1729|Martin Fuller|53309 Buhler Place, Dallas, TX|(469) 667-3361
ID000281|685-99-2971|Roger Ellis|74213 Charing Cross Circle, Dallas, TX|(972) 976-7863
ID000282|551-99-0871|Patrick Moreno|490 Rockefeller Lane, Dallas, TX|(972) 955-5269
ID000283|156-64-6797|Andrew Cole|30 Sunfield Pass, Plano, TX|(214) 879-7342
ID000284|704-85-7803|Joan Hudson|4 Everett Court, Dallas, TX|(214) 954-1417
ID000285|491-79-6292|Chris Powell|4 Jenifer Circle, Dallas, TX|(469) 726-7925
ID000286|164-90-8064|Anna Perez|1241 Graceland Court, Dallas, TX|(469) 996-2325
ID000287|857-94-0950|Debra Gray|251 Monterey Hill, Dallas, TX|(469) 973-4499
ID000288|581-46-2753|Annie Shaw|561 Cody Crossing, Plano, TX|(214) 764-1587
ID000289|300-46-8310|Shawn Martinez|19 Lunder Park, Dallas, TX|(469) 986-4161
ID000290|691-97-1438|Mary Graham|701 Cordelia Court, Dallas, TX|(214) 687-0840
ID000291|239-90-4011|Janet West|2308 Division Center, Dallas, TX|(214) 978-0541
ID000292|702-60-4201|Aaron Arnold|5886 Banding Trail, Dallas, TX|(214) 955-5863
ID000293|253-17-0796|Justin Brown|611 Green Plaza, Plano, TX|(214) 901-6023
ID000294|547-06-9057|George Torres|64206 Calypso Hill, Dallas, TX|(972) 925-4199
ID000295|722-28-9325|Brian Romero|4418 Green Ridge Terrace, Dallas, TX|(469) 825-9159
ID000296|488-01-1020|Lawrence Morris|42 Magdeline Pass, Dallas, TX|(214) 942-2979
ID000297|947-93-9771|Patrick Garcia|1 Nevada Parkway, Dallas, TX|(469) 827-6118
ID000298|708-32-6866|Ashley Moreno|067 Morning Park, Dallas, TX|(469) 869-6226
ID000299|421-79-0842|Aaron Ellis|1925 Grasskamp Alley, Dallas, TX|(469) 937-9272
ID000300|554-28-3296|Jimmy James|3 Knutson Way, Dallas, TX|(972) 930-8175
ID000301|271-28-4504|Maria Torres|56168 Arizona Drive, Dallas, TX|(214) 931-8328
ID000302|453-78-4845|Chris Owens|6 Browning Park, Dallas, TX|(972) 701-4889
ID000303|556-27-9759|Elizabeth Harvey|1995 Nelson Park, Dallas, TX|(972) 992-9375
ID000304|212-61-9406|Jane Baker|0062 Sunbrook Junction, Dallas, TX|(469) 754-6653
ID000305|142-06-8429|Lisa Kelley|272 Larry Drive, Dallas, TX|(469) 930-6637
ID000306|205-62-6313|Jonathan Diaz|18283 Brown Center, Dallas, TX|(469) 940-2479
ID000307|592-93-9926|Mildred Allen|5734 La Follette Point, Dallas, TX|(469) 946-2268
ID000308|714-97-1208|Linda Rogers|0590 Northport Drive, Dallas, TX|(972) 947-1564
ID000309|949-18-1878|Gary Garrett|5285 2nd Court, Dallas, TX|(469) 939-2476
ID000310|454-36-5067|Earl Hall|7755 Park Meadow Way, Dallas, TX|(214) 882-0672
ID000311|586-20-4125|Benjamin Bailey|72101 Elmside Parkway, Dallas, TX|(214) 896-3364
ID000312|853-10-4620|Angela Graham|5 High Crossing Crossing, Richardson, TX|(972) 878-1468
ID000313|132-68-7899|Dennis Hunter|7 2nd Place, Plano, TX|(469) 967-8745
ID000314|618-21-2736|Matthew Stevens|9603 Hansons Way, Dallas, TX|(469) 861-3808
ID000315|852-75-0048|Annie Freeman|7466 Gulseth Alley, Dallas, TX|(972) 921-0146
ID000316|652-37-4979|Richard Lawson|792 Dottie Circle, Dallas, TX|(214) 545-9387
ID000317|953-35-3551|Susan Allen|6 Morrow Alley, Dallas, TX|(214) 748-0451
ID000318|269-55-4900|Rose Coleman|26094 Loomis Alley, Dallas, TX|(469) 819-2212
ID000319|398-57-5624|Kathy Elliott|28 Boyd Pass, Dallas, TX|(469) 996-0439
ID000320|769-13-6801|Teresa Brooks|57699 Oak Circle, Richardson, TX|(972) 731-4160
ID000321|781-65-2211|Julie Lane|8261 Magdeline Road, Dallas, TX|(214) 930-8339
ID000322|880-14-5596|Jessica Day|80 Cascade Junction, Dallas, TX|(214) 947-1788
ID000323|472-47-3959|Billy Cruz|75 Mosinee Court, Dallas, TX|(214) 797-5929
ID000324|628-10-4874|Martha Mccoy|74 Claremont Park, Dallas, TX|(214) 915-1572
ID000325|799-41-8699|Frances Long|0 Schlimgen Alley, Dallas, TX|(214) 951-4800
ID000326|826-57-4791|Carolyn Duncan|1 Merry Place, Dallas, TX|(214) 279-8556
ID000327|497-33-4483|Ryan Mendoza|9 Myrtle Way, Dallas, TX|(214) 867-1887
ID000328|733-61-4241|Jerry Oliver|0 Vera Alley, Dallas, TX|(469) 734-8276
ID000329|669-72-6189|Juan Smith|3 Dixon Parkway, Dallas, TX|(214) 909-9366
ID000330|867-23-4679|Marilyn White|769 Mayfield Center, Dallas, TX|(972) 933-0968
ID000331|410-60-8961|Anne Moreno|60 Raven Pass, Dallas, TX|(214) 886-0662
ID000332|381-83-9299|Ruby Greene|328 Fallview Center, Richardson, TX|(214) 872-7995
ID000333|186-53-8147|Shawn Rivera|8 American Hill, Dallas, TX|(972) 528-2505
ID000334|100-08-2010|Tina Hamilton|24695 Di Loreto Crossing, Dallas, TX|(972) 755-6424
ID000335|166-29-5051|Benjamin Graham|08 New Castle Avenue, Dallas, TX|(214) 983-4311
ID000336|869-23-6916|Doris Bailey|5773 Eastlawn Center, Dallas, TX|(469) 801-1479
ID000337|242-20-9101|Jason Washington|3225 Vera Lane, Richardson, TX|(972) 931-0247
ID000338|456-04-0469|Evelyn Wilson|9873 Kim Center, Richardson, TX|(469) 901-5209
ID000339|812-93-7575|Steve Cunningham|5615 Mcbride Park, Dallas, TX|(214) 883-3172
ID000340|696-31-4035|Henry Howard|9 Lakewood Avenue, Dallas, TX|(214) 848-6192
ID000341|399-88-0576|Timothy Crawford|39384 Tony Terrace, Dallas, TX|(972) 729-2932
ID000342|342-52-5404|Todd Rose|8 Mosinee Plaza, Plano, TX|(469) 893-2893
ID000343|699-25-9472|Mary Nelson|8 Colorado Avenue, Dallas, TX|(214) 241-4452
ID000344|188-14-3830|Jason Watkins|74155 Welch Terrace, Dallas, TX|(972) 915-1343
ID000345|562-73-5031|Kathy Cole|8600 Anniversary Pass, Dallas, TX|(214) 993-7915
ID000346|633-54-2851|Albert Reyes|43 Transport Pass, Dallas, TX|(469) 808-4965
ID000347|256-93-5132|Aaron Harvey|1807 Prairieview Pass, Dallas, TX|(214) 632-9282
ID000348|973-81-6951|Jack Ward|5 Susan Plaza, Richardson, TX|(972) 918-4342
ID000349|324-71-1906|Dorothy Spencer|90651 Bellgrove Junction, Dallas, TX|(972) 892-8862
ID000350|227-59-5562|Lawrence Hunt|2 Randy Court, Dallas, TX|(972) 962-4743
ID000351|931-62-4904|Beverly Fernandez|480 Toban Lane, Richardson, TX|(469) 975-3330
ID000352|625-57-7457|Karen Johnston|3 Coleman Plaza, Dallas, TX|(214) 768-1518
ID000353|285-70-4379|Howard Gonzalez|7699 Dakota Terrace, Dallas, TX|(214) 905-6019
ID000354|490-16-4375|Dorothy Graham|9 Mcguire Alley, Richardson, TX|(469) 619-4224
ID000355|246-40-5583|Barbara Anderson|77 Ronald Regan Park, Richardson, TX|(214) 947-1531
ID000356|697-56-6815|Frances Willis|61438 Becker Park, Dallas, TX|(469) 900-5979
ID000357|878-94-1305|Martha Arnold|52279 Hauk Plaza, Dallas, TX|(469) 968-6237
ID000358|721-32-2687|Maria Medina|6 Gina Crossing, Dallas, TX|(214) 851-3813
ID000359|842-65-5010|Jonathan Fox|32 Springs Road, Dallas, TX|(972) 916-5884
ID000360|657-17-6421|Carlos Carter|96207 3rd Park, Dallas, TX|(214) 928-7624
ID000361|422-81-7045|Adam Ferguson|0 Summerview Court, Dallas, TX|(214) 957-5621
ID000362|644-09-0337|Nicholas Wheeler|756 Pleasure Circle, Dallas, TX|(469) 973-3255
ID000363|903-98-1679|Raymond Rogers|16 Monument Parkway, Richardson, TX|(469) 887-9227
ID000364|847-29-3619|Brandon Stevens|94647 Village Junction, Dallas, TX|(214) 693-6689
ID000365|822-62-5312|Lori Ferguson|49 Sachtjen Crossing, Dallas, TX|(214) 968-1515
ID000366|629-41-9551|Roy Turner|61544 Talmadge Drive, Richardson, TX|(469) 927-5678
ID000367|235-79-8503|Martha Warren|94 Vahlen Hill, Dallas, TX|(972) 776-3863
ID000368|265-90-7820|Ruby Anderson|0482 Haas Terrace, Dallas, TX|(469) 873-2923
ID000369|694-92-0573|Steven Bailey|8987 Lawn Park, Dallas, TX|(469) 938-8249
ID000370|143-30-2355|Melissa Perkins|0039 Hanson Court, Dallas, TX|(972) 995-3027
ID000371|344-69-2006|Ruby Ross|86591 Roxbury Circle, Dallas, TX|(214) 917-1080
ID000372|566-64-7874|Billy King|831 Sutherland Point, Plano, TX|(214) 846-6560
ID000373|163-65-8067|Mildred Sanchez|09 Annamark Circle, Dallas, TX|(469) 877-2424
ID000374|588-45-9557|Linda Duncan|09159 Charing Cross Way, Dallas, TX|(972) 877-3172
ID000375|142-74-6194|Janice Montgomery|661 Grasskamp Alley, Dallas, TX|(214) 905-8688
ID000376|694-58-3169|Robin Cox|0 Gerald Court, Dallas, TX|(972) 722-1586
ID000377|513-11-0091|Carol Howell|273 Sullivan Lane, Richardson, TX|(214) 831-1374
ID000378|432-49-7884|Doris Welch|74 Oakridge Alley, Dallas, TX|(469) 983-6603
ID000379|204-46-7713|Debra Kelly|0 Maywood Street, Dallas, TX|(469) 926-2312
ID000380|597-00-1738|Scott Morales|823 Sherman Point, Plano, TX|(469) 801-1210
ID000381|221-70-6594|Louise Murphy|7113 Carpenter Drive, Dallas, TX|(469) 988-1773
ID000382|300-48-5255|Jack Cruz|55322 Linden Point, Dallas, TX|(469) 896-0110
ID000383|823-59-7520|Teresa Carter|4757 Kingsford Street, Dallas, TX|(214) 964-1732
ID000384|526-53-0309|Eric Flores|0 Vera Center, Dallas, TX|(214) 868-2141
ID000385|996-22-6511|Louis Elliott|02 Jenna Trail, Dallas, TX|(972) 567-4117
ID000386|688-12-7828|Nicholas Evans|13 Russell Lane, Dallas, TX|(214) 975-3027
ID000387|389-89-9874|Evelyn Bailey|77832 West Park, Dallas, TX|(972) 978-9540
ID000388|614-07-9273|Arthur Ray|3079 Donald Point, Dallas, TX|(469) 754-2762
ID000389|189-81-8299|Shawn Burns|51 Nelson Plaza, Dallas, TX|(469) 978-8065
ID000390|874-30-0223|Henry Wallace|4139 Spaight Road, Richardson, TX|(972) 524-8949
ID000391|841-42-8500|Kathy Garcia|3657 Anhalt Trail, Richardson, TX|(469) 867-8069
ID000392|933-68-6811|Kenneth Sanchez|06600 Utah Crossing, Dallas, TX|(972) 810-0694
ID000393|124-81-1894|Carl Bishop|01 Goodland Junction, Dallas, TX|(469) 792-3214
ID000394|255-45-0108|Harry Tucker|8 Waubesa Parkway, Dallas, TX|(214) 925-4392
ID000395|694-43-1375|Christopher Marshall|34693 Warbler Junction, Plano, TX|(214) 646-3142
ID000396|405-10-9736|Russell Murphy|9552 Mandrake Center, Dallas, TX|(214) 843-3552
ID000397|752-91-8139|Jessica Carr|9 Sutteridge Pass, Dallas, TX|(469) 949-9851
ID000398|324-70-7021|Cheryl Moore|0 2nd Plaza, Dallas, TX|(972) 272-0101
ID000399|903-05-2325|Lori Carroll|879 Clarendon Alley, Dallas, TX|(469) 989-2206
ID000400|323-48-3150|Frank Martin|428 Lindbergh Way, Dallas, TX|(972) 802-1808
ID000401|748-29-7839|Joyce Allen|5911 Troy Pass, Dallas, TX|(469) 935-7570
ID000402|203-92-3954|Philip Gonzalez|2 Buhler Street, Dallas, TX|(214) 941-2219
ID000403|483-93-2540|Nicole Bell|69 Manitowish Lane, Dallas, TX|(214) 901-7334
ID000404|235-14-1141|Joseph Perry|45 Judy Trail, Dallas, TX|(214) 938-2436
ID000405|138-49-9901|Doris Peterson|56 Oxford Avenue, Dallas, TX|(214) 956-2812
ID000406|311-51-3288|Gregory Marshall|17 Eastwood Terrace, Dallas, TX|(214) 824-0301
ID000407|359-35-2008|Virginia Kelly|37408 Morrow Court, Plano, TX|(972) 839-9825
ID000408|608-20-9205|Beverly Hawkins|0 Hovde Terrace, Dallas, TX|(469) 814-1846
ID000409|539-33-7584|Scott Gonzalez|623 Westend Way, Dallas, TX|(469) 928-6396
ID000410|407-50-8210|Paul Mcdonald|334 Orin Avenue, Dallas, TX|(972) 994-1541
ID000411|158-21-4344|Dennis Duncan|05 Mitchell Hill, Dallas, TX|(469) 906-7817
ID000412|146-55-7699|Mary Ryan|24029 Nevada Way, Dallas, TX|(469) 827-6766
ID000413|870-93-1419|Victor Smith|0 Helena Point, Dallas, TX|(214) 828-3216
ID000414|752-50-3597|Ruby Murray|4920 Westend Court, Dallas, TX|(214) 859-6221
ID000415|894-84-4831|Jean Garza|91 Havey Plaza, Plano, TX|(972) 738-9037
ID000416|327-53-6005|Andrew Jordan|38498 Park Meadow Crossing, Dallas, TX|(469) 762-1505
ID000417|868-79-0477|Harry Marshall|24 Heffernan Crossing, Plano, TX|(972) 927-0592
ID000418|409-03-9079|Wayne Franklin|35 Continental Alley, Dallas, TX|(214) 741-9000
ID000419|653-59-9039|Lillian Gonzalez|9922 Arkansas Circle, Plano, TX|(972) 872-9248
ID000420|718-47-6143|Rachel Bishop|70227 Vernon Way, Dallas, TX|(972) 798-2559
ID000421|841-96-3890|Alan Lynch|332 Dayton Plaza, Plano, TX|(214) 930-8850
ID000422|931-94-4929|Carlos Ray|62 Monument Park, Dallas, TX|(469) 942-7494
ID000423|720-85-0355|Frank Taylor|5 Lien Center, Dallas, TX|(214) 621-5602
ID000424|836-23-8686|Melissa Burton|5 Springs Lane, Dallas, TX|(469) 567-0603
ID000425|999-28-2020|Anne Nelson|34365 Kropf Park, Dallas, TX|(972) 904-1974
ID000426|919-67-6865|Amanda Bailey|29 Continental Point, Dallas, TX|(214) 819-4931
ID000427|362-09-9834|Chris Duncan|35 Alpine Avenue, Dallas, TX|(214) 940-2965
ID000428|762-37-8033|Elizabeth Gibson|6602 Namekagon Way, Dallas, TX|(972) 863-7573
ID000429|424-50-1775|Keith Brown|471 Burning Wood Park, Dallas, TX|(214) 849-4296
ID000430|221-74-2881|Karen Sanchez|71 Old Gate Point, Dallas, TX|(214) 915-6512
ID000431|467-35-1217|Marilyn Meyer|3981 Lerdahl Point, Dallas, TX|(972) 956-5459
ID000432|142-41-8822|Harold Little|81271 Evergreen Lane, Dallas, TX|(469) 888-8096
ID000433|626-74-9990|Henry Dean|4913 Brentwood Center, Dallas, TX|(469) 950-2072
ID000434|468-99-7446|Joyce Rivera|3 Johnson Pass, Dallas, TX|(469) 982-3317
ID000435|560-85-1499|Marie Johnson|6 Graedel Street, Richardson, TX|(972) 701-4623
ID000436|650-87-6068|Aaron Clark|5169 Bashford Point, Plano, TX|(214) 931-4554
ID000437|262-55-8913|Anne Campbell|0140 Grover Place, Dallas, TX|(214) 962-1673
ID000438|691-11-1485|Janice Garrett|439 Prentice Hill, Dallas, TX|(972) 911-1842
ID000439|772-97-8655|Bobby Johnson|7 Moulton Crossing, Dallas, TX|(469) 948-5326
ID000440|807-93-7008|Fred Welch|0 Lukken Alley, Dallas, TX|(214) 955-3447
ID000441|464-18-8734|Laura Chapman|304 Lunder Hill, Richardson, TX|(469) 823-5855
ID000442|307-70-2725|Albert Castillo|2 Beilfuss Center, Dallas, TX|(214) 705-0297
ID000443|528-91-7558|Julia Oliver|42421 Farmco Street, Dallas, TX|(972) 780-5174
ID000444|408-53-0520|David Russell|57840 Laurel Alley, Dallas, TX|(972) 852-7339
ID000445|520-76-6004|Russell Montgomery|18 Hagan Pass, Dallas, TX|(972) 389-6002
ID000446|660-90-8261|Joe Price|1 Leroy Park, Dallas, TX|(214) 527-9098
ID000447|799-34-0025|Anthony Harrison|7123 Bunker Hill Junction, Dallas, TX|(972) 970-2532
ID000448|870-49-6647|Gregory Hudson|42 Park Meadow Park, Dallas, TX|(972) 883-9738
ID000449|707-63-8293|Michelle Chapman|29 Rieder Pass, Dallas, TX|(972) 911-7317
ID000450|469-39-1386|Chris Bailey|8 South Court, Dallas, TX|(214) 935-4761
ID000451|553-57-0780|Kevin Wood|0 Pierstorff Park, Dallas, TX|(469) 876-1298
ID000452|316-43-6159|Louise Spencer|4462 Blaine Avenue, Dallas, TX|(214) 877-5122
ID000453|455-51-2609|Ruth Lee|58 Waubesa Avenue, Dallas, TX|(469) 940-2041
ID000454|995-34-9938|Carolyn Alexander|634 Judy Pass, Dallas, TX|(214) 882-9567
ID000455|149-26-9323|Barbara Rivera|93 North Pass, Dallas, TX|(972) 696-7148
ID000456|889-46-9650|Adam Mcdonald|20734 Beilfuss Park, Dallas, TX|(972) 846-7469
ID000457|242-32-1789|Sara Graham|4992 Ridgeview Court, Dallas, TX|(469) 586-2569
ID000458|900-93-1217|Henry Spencer|919 7th Plaza, Dallas, TX|(214) 949-3097
ID000459|669-83-7441|Lillian Austin|8 Eagle Crest Way, Richardson, TX|(469) 980-2648
ID000460|989-79-1559|Jerry Pierce|16 Charing Cross Center, Dallas, TX|(469) 546-3297
ID000461|336-44-7837|Emily Ruiz|1 Claremont Junction, Plano, TX|(214) 961-5149
ID000462|928-58-0480|Lillian Baker|111 Village Plaza, Richardson, TX|(469) 643-7532
ID000463|186-05-2080|Ruth Butler|41052 Waubesa Lane, Richardson, TX|(972) 760-5201
ID000464|922-11-3673|Catherine Welch|666 Kim Crossing, Dallas, TX|(972) 895-2567
ID000465|209-54-9222|Howard Castillo|4069 Oneill Point, Richardson, TX|(214) 332-8692
ID000466|352-50-9918|Justin Sanders|2 Mayer Junction, Plano, TX|(214) 883-7551
ID000467|651-14-8311|Ronald Roberts|25 South Lane, Dallas, TX|(972) 703-1253
ID000468|724-31-5669|Jane Harrison|8070 Clarendon Parkway, Dallas, TX|(469) 907-0689
ID000469|506-88-8490|Benjamin Grant|89750 Kenwood Crossing, Dallas, TX|(469) 978-2012
ID000470|581-20-4224|Harry Miller|721 High Crossing Court, Dallas, TX|(214) 867-9998
ID000471|878-06-0469|Matthew Burke|735 Toban Park, Plano, TX|(972) 915-3614
ID000472|246-12-3136|Christine Chavez|560 Atwood Pass, Dallas, TX|(214) 937-6446
ID000473|938-95-9106|Eric Hernandez|80149 Haas Court, Dallas, TX|(214) 905-1189
ID000474|734-24-8047|Diana Jones|499 Pearson Junction, Dallas, TX|(469) 838-4299
ID000475|829-11-9179|Janet Rice|35291 Bunker Hill Way, Dallas, TX|(214) 291-3432
ID000476|744-91-0994|Diane Ruiz|36 Cambridge Park, Dallas, TX|(469) 888-5191
ID000477|981-13-1196|Theresa Russell|589 Northwestern Park, Dallas, TX|(214) 851-1236
ID000478|770-00-5747|Wayne Hunt|9818 Westend Center, Plano, TX|(469) 941-4660
ID000479|842-92-7572|Virginia Gordon|76 Tony Road, Dallas, TX|(214) 913-8462
ID000480|737-53-3435|Gloria Rice|9 Golf View Alley, Dallas, TX|(214) 920-9672
ID000481|451-56-2506|Mildred Butler|67 Westerfield Avenue, Dallas, TX|(469) 283-4838
ID000482|368-38-1777|Debra West|4799 Melody Parkway, Richardson, TX|(972) 966-6826
ID000483|199-36-9132|Nancy Wheeler|737 Doe Crossing Trail, Dallas, TX|(972) 898-3947
ID000484|931-76-2866|Lawrence Stone|8 Darwin Alley, Richardson, TX|(214) 949-9916
ID000485|371-28-8168|Rachel Reyes|6 Anniversary Alley, Richardson, TX|(972) 939-6714
ID000486|435-69-4707|Amanda Simpson|15 Dixon Street, Dallas, TX|(972) 740-1910
ID000487|235-32-3985|Lori Carroll|213 Forest Point, Dallas, TX|(469) 958-8957
ID000488|148-55-6625|Bobby Austin|62352 Pankratz Road, Richardson, TX|(972) 912-7272
ID000489|253-35-6885|Brenda Carpenter|6664 Prairie Rose Point, Dallas, TX|(214) 986-1471
ID000490|817-44-1979|Sharon Mason|33 Moulton Lane, Dallas, TX|(972) 901-1745
ID000491|639-31-4924|Joshua Ross|4376 Kropf Road, Dallas, TX|(214) 915-4707
ID000492|926-53-1333|Melissa Mccoy|08770 Moland Lane, Richardson, TX|(469) 926-4571
ID000493|728-54-9849|Bobby Kelly|79 Burning Wood Pass, Dallas, TX|(214) 860-1350
ID000494|846-65-0817|Jennifer Ortiz|25989 Mccormick Drive, Dallas, TX|(469) 874-7030
ID000495|810-70-4323|Chris Carter|50486 Grim Alley, Dallas, TX|(469) 916-1204
ID000496|919-26-6378|Christopher Gonzales|49163 Moose Point, Dallas, TX|(214) 959-6901
ID000497|966-29-4430|Albert Gibson|90 Lillian Trail, Dallas, TX|(469) 951-7990
ID000498|435-99-9670|Doris Rose|1891 Melrose Terrace, Richardson, TX|(972) 849-4915
ID000499|416-21-6778|Marilyn Jordan|61 Eagle Crest Junction, Richardson, TX|(214) 796-3512
ID000500|306-68-0158|Joe Bowman|26225 8th Road, Dallas, TX|(972) 882-8221
ID000501|840-12-3188|Denise Price|46 Knutson Drive, Richardson, TX|(972) 488-9450
ID000502|332-41-0512|Evelyn Edwards|7867 Nancy Park, Dallas, TX|(972) 209-1095
ID000503|196-02-7403|Kimberly Hernandez|2 Buell Drive, Dallas, TX|(469) 779-6890
ID000504|388-55-1450|Norma Boyd|35 Service Court, Dallas, TX|(972) 833-7491
ID000505|395-16-7095|Sharon Ramos|39 Daystar Hill, Dallas, TX|(214) 898-7050
ID000506|541-25-5056|Rachel Riley|01017 Jay Plaza, Dallas, TX|(972) 803-8359
ID000507|132-58-8039|Randy Jenkins|794 Buena Vista Road, Dallas, TX|(469) 894-9345
ID000508|774-38-4043|John Clark|0708 North Terrace, Dallas, TX|(469) 918-1359
ID000509|495-55-0985|Ruby Hansen|8756 Wayridge Drive, Dallas, TX|(469) 941-4442
ID000510|739-90-9261|Ashley Peters|28880 4th Alley, Dallas, TX|(972) 893-4339
ID000511|377-63-8268|Albert Garcia|0 Maple Terrace, Plano, TX|(972) 931-7094
ID000512|150-30-2288|Clarence Holmes|291 1st Terrace, Richardson, TX|(214) 952-6641
ID000513|849-92-8312|Julie Parker|3377 Dahle Street, Dallas, TX|(214) 876-9952
ID000514|953-43-1417|Michael Martinez|0967 Melrose Avenue, Dallas, TX|(214) 935-8776
ID000515|337-86-8085|William Berry|9 Hagan Street, Dallas, TX|(214) 885-1966
ID000516|465-95-8833|Gerald Burke|5175 Florence Center, Dallas, TX|(469) 999-7380
ID000517|960-83-9340|Linda Rodriguez|2427 Reindahl Park, Dallas, TX|(972) 664-5725
ID000518|709-91-1641|Terry Stephens|27291 Farragut Court, Dallas, TX|(972) 890-0078
ID000519|423-06-4282|Timothy Hunt|4219 Westport Hill, Richardson, TX|(214) 950-1960
ID000520|622-29-9732|Richard Cruz|813 Darwin Avenue, Dallas, TX|(972) 889-2210
ID000521|631-12-8701|Gregory Gomez|3993 American Circle, Dallas, TX|(972) 867-8273
ID000522|699-59-0681|Louise Garza|14760 Bobwhite Terrace, Dallas, TX|(469) 893-7918
ID000523|762-63-8070|James Adams|055 Alpine Way, Richardson, TX|(972) 925-4501
ID000524|149-42-1309|Victor Gardner|12141 Corscot Junction, Dallas, TX|(972) 962-2925
ID000525|531-67-5941|Ernest Lane|66226 Nova Way, Plano, TX|(469) 999-6823
ID000526|156-63-1943|Joe Griffin|205 Fuller Plaza, Dallas, TX|(469) 912-4055
ID000527|664-38-4205|Sean Kelly|3 Gerald Court, Dallas, TX|(214) 970-9971
ID000528|662-87-7945|Angela Turner|53 Colorado Pass, Plano, TX|(469) 945-2673
ID000529|678-62-8472|Jerry Howard|68198 Monterey Parkway, Dallas, TX|(972) 936-3734
ID000530|216-37-2770|Ashley Lopez|405 Hovde Way, Dallas, TX|(972) 956-4194
ID000531|302-51-0303|Albert Marshall|933 Claremont Avenue, Dallas, TX|(972) 771-8796
ID000532|194-03-3629|Michelle Williams|07 Marquette Road, Dallas, TX|(469) 921-7056
ID000533|303-31-8810|Sharon Wells|23 Twin Pines Parkway, Dallas, TX|(972) 841-5472
ID000534|785-25-4186|Doris Gordon|358 Pearson Court, Dallas, TX|(469) 945-1043
ID000535|395-22-8160|Patricia Long|76 Jana Place, Plano, TX|(469) 711-2650
ID000536|374-21-6461|Helen Lee|65137 Summerview Crossing, Dallas, TX|(469) 656-8757
ID000537|746-77-1077|Kimberly Collins|9629 Delaware Crossing, Dallas, TX|(469) 789-3606
ID000538|376-27-2540|Mary Dunn|6848 Sunbrook Parkway, Dallas, TX|(214) 961-2821
ID000539|756-45-3967|Amy Harper|5863 Boyd Drive, Dallas, TX|(214) 988-3185
ID000540|873-25-3246|Bobby Long|35 Paget Circle, Plano, TX|(214) 910-1295
ID000541|447-50-8678|Sara Young|71916 Sherman Point, Plano, TX|(972) 918-2624
ID000542|303-61-3106|Kathy Oliver|0 Victoria Junction, Dallas, TX|(972) 784-8364
ID000543|693-54-6232|Ruby Ray|17 Hermina Point, Dallas, TX|(214) 987-1219
ID000544|107-16-4727|Lori Schmidt|181 Rowland Hill, Dallas, TX|(469) 786-6455
ID000545|160-60-2907|Raymond Fox|1 Farwell Avenue, Dallas, TX|(214) 986-0132
ID000546|192-57-3114|Nancy Turner|1 Vermont Alley, Dallas, TX|(214) 984-4444
ID000547|214-13-7727|Gregory Richards|9 Vidon Street, Dallas, TX|(214) 911-5776
ID000548|480-37-2448|Lawrence Perez|6441 Derek Junction, Dallas, TX|(972) 932-7049
ID000549|279-03-2319|Thomas Pierce|73803 Prairieview Alley, Dallas, TX|(214) 837-7005
ID000550|860-31-5301|Steve Larson|6 Nobel Trail, Dallas, TX|(469) 818-8073
ID000551|375-32-0893|Aaron Coleman|62 Golden Leaf Crossing, Plano, TX|(972) 965-7245
ID000552|335-17-5061|Joe Daniels|916 Marcy Way, Richardson, TX|(972) 852-7588
ID000553|273-16-3483|Theresa Porter|8868 Blaine Pass, Dallas, TX|(214) 841-2263
ID000554|690-78-4766|Kathleen Crawford|44 Elmside Place, Dallas, TX|(214) 466-2521
ID000555|371-48-9808|Joe Bradley|90362 Kipling Plaza, Dallas, TX|(214) 934-9993
ID000556|957-05-0987|Paul Jacobs|512 Tennessee Place, Dallas, TX|(214) 842-8747
ID000557|229-10-8054|Andrew Reid|7654 Moland Terrace, Dallas, TX|(972) 610-4548
ID000558|714-89-8210|Ralph George|072 Merchant Trail, Dallas, TX|(972) 917-6796
ID000559|401-33-5380|Jeremy Brown|2 Old Shore Park, Plano, TX|(469) 982-3476
ID000560|953-58-5532|Nicholas Kennedy|2067 Jana Parkway, Dallas, TX|(214) 951-6843
ID000561|818-63-4715|Ronald Wells|37 Prairieview Parkway, Plano, TX|(469) 672-3875
ID000562|984-16-0277|Albert Gilbert|7169 Scoville Avenue, Dallas, TX|(972) 599-7668
ID000563|762-90-9837|Jason Turner|208 Summit Park, Dallas, TX|(972) 919-7729
ID000564|229-26-6155|Arthur Spencer|624 Kropf Terrace, Dallas, TX|(469) 790-4776
ID000565|673-35-9377|Bonnie Ray|20935 Vahlen Pass, Dallas, TX|(469) 690-0504
ID000566|414-82-6319|Carol Ryan|43 Sloan Avenue, Dallas, TX|(469) 959-3742
ID000567|832-18-4025|Kevin Little|244 Tony Center, Dallas, TX|(214) 865-6806
ID000568|562-28-1756|Todd Hall|3896 Corscot Circle, Dallas, TX|(214) 623-7406
ID000569|243-20-4627|Ralph Hart|16083 Lillian Crossing, Dallas, TX|(469) 916-1028
ID000570|152-91-1428|Ruby Martin|6 Merry Trail, Dallas, TX|(469) 781-1733
ID000571|200-92-4036|Julia Kim|30 Corscot Terrace, Richardson, TX|(972) 826-8872
ID000572|869-20-2424|Lawrence Reyes|70001 Lunder Pass, Plano, TX|(469) 952-7199
ID000573|766-56-6664|Ronald Rivera|0 Fuller Trail, Dallas, TX|(469) 977-6988
ID000574|966-33-9584|Kenneth Medina|652 Melody Avenue, Dallas, TX|(469) 815-2235
ID000575|761-70-9256|Angela Clark|916 Elka Place, Dallas, TX|(972) 726-9437
ID000576|191-21-0161|Diane Brown|4221 Petterle Junction, Plano, TX|(972) 633-7951
ID000577|597-21-1875|Jack Ward|00625 Warner Street, Dallas, TX|(972) 802-4440
ID000578|175-99-0098|Roger Powell|48387 Corben Junction, Dallas, TX|(214) 803-6520
ID000579|541-56-2611|Rachel Cook|214 Eastwood Hill, Dallas, TX|(214) 862-3951
ID000580|454-07-8145|Karen Burke|09242 Victoria Plaza, Dallas, TX|(469) 897-7697
ID000581|947-35-1972|Kimberly Robinson|26233 Oneill Junction, Dallas, TX|(214) 810-2174
ID000582|679-65-6095|Samuel Bryant|95 Pearson Pass, Dallas, TX|(972) 509-6994
ID000583|522-26-5924|Russell Berry|27 Moose Plaza, Plano, TX|(214) 969-7916
ID000584|624-87-7517|Paula Frazier|713 Havey Court, Dallas, TX|(469) 704-7407
ID000585|502-80-0344|Anna Rice|9 Lunder Center, Dallas, TX|(469) 960-1948
ID000586|385-99-4195|Diane Stanley|96 Roth Hill, Richardson, TX|(214) 955-8100
ID000587|678-08-8971|Billy Snyder|8170 Clarendon Crossing, Dallas, TX|(972) 883-8736
ID000588|850-26-9485|Juan Bailey|6 Logan Crossing, Plano, TX|(972) 954-9785
ID000589|119-17-4689|Patricia Green|27001 Mayfield Street, Dallas, TX|(972) 880-1670
ID000590|640-57-8903|Louise Harrison|4383 Forest Dale Hill, Plano, TX|(972) 591-6825
ID000591|915-81-5067|Scott Cunningham|1312 Kinsman Terrace, Dallas, TX|(469) 940-8227
ID000592|287-08-2149|Steve White|57 Vera Lane, Dallas, TX|(972) 573-3704
ID000593|915-62-6265|Brandon Jones|8845 Blackbird Terrace, Dallas, TX|(214) 982-8588
ID000594|622-62-2819|Rebecca Reed|012 Sunbrook Place, Plano, TX|(469) 800-1493
ID000595|330-90-1862|Kelly Hawkins|517 Bay Crossing, Dallas, TX|(972) 839-2019
ID000596|159-37-4167|Kenneth Hudson|16 Porter Trail, Dallas, TX|(972) 977-7399
ID000597|332-96-2350|Tammy Butler|0897 Amoth Hill, Dallas, TX|(214) 934-8616
ID000598|179-13-6812|Steven Lane|0185 Hollow Ridge Street, Dallas, TX|(214) 993-0045
ID000599|640-94-5337|Jean West|5487 Tomscot Place, Plano, TX|(214) 814-4521
ID000600|381-83-4152|Keith Mason|1 Norway Maple Park, Richardson, TX|(469) 237-7698
ID000601|480-06-1832|Jose Morales|36703 Pennsylvania Center, Dallas, TX|(214) 936-8952
ID000602|360-26-2573|Johnny Harris|816 Ramsey Pass, Dallas, TX|(214) 800-8878
ID000603|271-80-3746|Harold Romero|864 Clove Plaza, Dallas, TX|(972) 958-7058
ID000604|161-60-2246|Jose Phillips|726 Farwell Road, Dallas, TX|(469) 922-7795
ID000605|968-21-3159|Tina Nguyen|7814 Fairview Avenue, Dallas, TX|(214) 858-2813
ID000606|994-00-7169|Michelle Hill|70 Jana Plaza, Plano, TX|(214) 805-4933
ID000607|164-07-0343|Henry Powell|1 Arapahoe Plaza, Dallas, TX|(469) 861-9090
ID000608|491-05-7221|Donna Nelson|4 Homewood Alley, Dallas, TX|(469) 700-9754
ID000609|511-95-4134|Louis Perry|1655 Heffernan Pass, Dallas, TX|(214) 820-3573
ID000610|196-78-4374|Paul Lee|41406 Ridge Oak Parkway, Dallas, TX|(972) 810-6175
ID000611|112-60-2094|Diana King|65113 Saint Paul Court, Dallas, TX|(972) 748-9174
ID000612|376-03-6774|Evelyn Campbell|68 Mifflin Court, Dallas, TX|(214) 743-4130
ID000613|277-81-5111|Louis Howard|0 Lyons Park, Dallas, TX|(972) 941-3029
ID000614|658-05-1653|Irene Robinson|04 Fairfield Parkway, Dallas, TX|(469) 943-6537
ID000615|155-87-2365|Alice Armstrong|7068 Derek Alley, Dallas, TX|(214) 911-6490
ID000616|665-02-8900|Eugene Woods|56245 Graceland Way, Dallas, TX|(972) 832-8839
ID000617|670-32-5349|Louis Taylor|09508 Thackeray Center, Dallas, TX|(214) 932-0979
ID000618|416-31-2379|Deborah Owens|12322 Hayes Center, Dallas, TX|(214) 971-1946
ID000619|346-41-4220|Marilyn Collins|305 1st Crossing, Dallas, TX|(972) 927-4971
ID000620|475-06-7256|Virginia Gonzalez|03722 Huxley Point, Dallas, TX|(214) 864-3430
ID000621|701-28-5911|Helen Ryan|51 Kennedy Parkway, Dallas, TX|(214) 988-0720
ID000622|646-84-1183|John Myers|4 Mendota Junction, Dallas, TX|(214) 437-0969
ID000623|748-14-1656|Mary Collins|261 Almo Alley, Dallas, TX|(469) 987-5918
ID000624|802-79-0419|Raymond Carter|71 Eastwood Way, Dallas, TX|(972) 891-0800
ID000625|124-07-9804|Mary Ramos|6 Anderson Lane, Plano, TX|(214) 989-0536
ID000626|311-30-5644|Kathy Ferguson|20 7th Place, Dallas, TX|(214) 607-7944
ID000627|156-04-8304|Clarence Morales|4645 Homewood Trail, Plano, TX|(214) 900-0324
ID000628|590-28-7564|Teresa Campbell|0241 Bultman Point, Dallas, TX|(214) 930-0030
ID000629|157-33-0075|Roger Nguyen|249 Marquette Center, Dallas, TX|(972) 931-8604
ID000630|326-20-8507|Phyllis Long|9 Bluestem Circle, Dallas, TX|(972) 661-7458
ID000631|536-17-5051|Michael Taylor|18398 Florence Place, Dallas, TX|(972) 833-7591
ID000632|906-45-2011|John Watkins|1669 Ridgeview Hill, Richardson, TX|(214) 925-0299
ID000633|336-89-2349|Carolyn Garcia|9 Dapin Trail, Dallas, TX|(214) 920-2780
ID000634|255-25-6148|Donald Phillips|7 Alpine Alley, Dallas, TX|(214) 813-6913
ID000635|292-88-0298|Deborah Watson|75 Carey Parkway, Dallas, TX|(469) 809-1498
ID000636|640-78-6255|Annie Shaw|66820 Bunting Plaza, Dallas, TX|(972) 965-6678
ID000637|847-47-8564|Alan Price|84 Rutledge Junction, Dallas, TX|(972) 776-5854
ID000638|126-26-3636|Kathryn Morrison|59100 Onsgard Crossing, Dallas, TX|(972) 875-1440
ID000639|471-61-6333|Christopher Johnson|777 Ludington Terrace, Dallas, TX|(972) 679-9556
ID000640|439-03-8518|Joshua Bishop|0 Grim Place, Dallas, TX|(214) 600-5143
ID000641|391-22-2309|Ernest Jones|8085 Weeping Birch Alley, Dallas, TX|(972) 948-1978
ID000642|897-34-6632|Melissa Banks|578 Reindahl Trail, Dallas, TX|(972) 993-2150
ID000643|985-72-2421|Arthur Lane|26696 Steensland Court, Plano, TX|(214) 959-8756
ID000644|325-85-6108|Joyce Perkins|8 Bluestem Park, Dallas, TX|(972) 942-5394
ID000645|506-85-1419|Judith Sullivan|95194 Badeau Trail, Dallas, TX|(972) 890-8729
ID000646|103-27-3706|Billy Johnson|95272 Kensington Plaza, Dallas, TX|(972) 823-5333
ID000647|378-57-9726|Marie Bell|74 Anderson Avenue, Dallas, TX|(469) 991-0533
ID000648|764-94-7005|Jimmy Ford|14311 Merchant Court, Dallas, TX|(469) 937-3556
ID000649|667-37-5162|Alice Mccoy|6 Nelson Avenue, Dallas, TX|(469) 848-7697
ID000650|946-02-5323|Richard Matthews|121 Warrior Alley, Dallas, TX|(972) 963-0887
ID000651|143-59-3681|Daniel Foster|84 Charing Cross Avenue, Dallas, TX|(972) 838-0899
ID000652|251-35-0397|Earl Banks|0 Lindbergh Place, Dallas, TX|(972) 921-9987
ID000653|709-47-1259|Scott Rogers|9 Gulseth Circle, Dallas, TX|(469) 936-7824
ID000654|211-17-9786|Richard Baker|68093 Ridge Oak Junction, Dallas, TX|(972) 957-8835
ID000655|375-17-9234|Robin Mcdonald|3407 Old Gate Circle, Dallas, TX|(972) 858-2976
ID000656|512-45-0642|Victor Riley|219 Fair Oaks Park, Dallas, TX|(214) 932-7141
ID000657|727-22-0778|Anne Lopez|62 Truax Terrace, Dallas, TX|(972) 987-8304
ID000658|315-71-5729|Margaret Fisher|53744 Prentice Alley, Dallas, TX|(469) 711-2192
ID000659|897-19-4834|Amanda Perkins|629 Troy Way, Dallas, TX|(972) 937-2368
ID000660|619-76-5825|Linda Perry|83189 Esch Circle, Dallas, TX|(214) 865-3742
ID000661|272-90-8955|Wanda Lawrence|6239 Mandrake Alley, Dallas, TX|(214) 772-4765
ID000662|100-07-8344|Tina Mitchell|42613 Pankratz Hill, Dallas, TX|(972) 791-8636
ID000663|392-34-3414|Jacqueline Gordon|3603 Vernon Junction, Dallas, TX|(972) 979-5379
ID000664|850-03-5811|Betty Hunt|79 Welch Court, Dallas, TX|(214) 615-4372
ID000665|190-47-5767|Kevin Webb|156 Lukken Lane, Dallas, TX|(214) 947-7416
ID000666|529-87-4076|Joshua Evans|225 Dixon Center, Richardson, TX|(214) 882-4750
ID000667|836-54-2070|Kathleen Peters|5024 Park Meadow Park, Dallas, TX|(214) 838-2643
ID000668|265-54-1326|Marie Mason|651 Cody Trail, Dallas, TX|(972) 918-8605
ID000669|941-12-6153|Jean Morrison|68 Stuart Parkway, Dallas, TX|(972) 767-8868
ID000670|190-47-8274|Daniel Hudson|16609 Oak Valley Plaza, Dallas, TX|(214) 921-7666
ID000671|318-20-1054|Judith Dixon|8 Almo Court, Dallas, TX|(972) 908-2892
ID000672|963-64-2281|Roy Morales|05025 Muir Point, Dallas, TX|(972) 635-1013
ID000673|531-84-3873|Justin Marshall|972 Crownhardt Circle, Plano, TX|(469) 778-6036
ID000674|635-15-6122|Gregory Smith|59810 Erie Circle, Dallas, TX|(972) 868-0952
ID000675|552-29-0884|Deborah Reed|426 Swallow Hill, Richardson, TX|(214) 981-2497
ID000676|578-14-7271|Pamela King|1754 Pennsylvania Way, Plano, TX|(214) 989-0559
ID000677|520-65-9256|Alan Welch|1102 Magdeline Court, Richardson, TX|(469) 984-4212
ID000678|393-11-9047|Samuel Moore|41307 Grasskamp Drive, Dallas, TX|(972) 850-8906
ID000679|343-72-6326|Katherine Holmes|0 Rowland Avenue, Dallas, TX|(972) 954-3190
ID000680|900-26-2190|Harold Williams|7576 Vermont Plaza, Dallas, TX|(214) 889-7673
ID000681|133-85-2262|Evelyn Nguyen|590 Independence Circle, Dallas, TX|(469) 746-7480
ID000682|824-55-4537|Joe Cooper|1421 Linden Avenue, Plano, TX|(469) 977-1179
ID000683|784-92-2076|Helen Fernandez|70499 Michigan Circle, Dallas, TX|(469) 831-8504
ID000684|151-58-6475|Nicholas Gibson|2454 Clemons Crossing, Plano, TX|(972) 906-3742
ID000685|122-74-8518|Angela Tucker|50 Brentwood Crossing, Dallas, TX|(972) 650-5349
ID000686|917-44-4969|Amy Washington|93083 Elka Lane, Dallas, TX|(972) 817-2285
ID000687|688-02-5499|Gregory Sanchez|230 Briar Crest Road, Dallas, TX|(972) 860-8215
ID000688|941-81-2456|Terry Kennedy|55 Summer Ridge Point, Dallas, TX|(214) 945-1527
ID000689|370-79-5137|Charles Bradley|10 Kenwood Avenue, Dallas, TX|(214) 763-4487
ID000690|972-75-6100|Judy Gilbert|0 Roth Alley, Dallas, TX|(214) 917-8414
ID000691|820-05-9916|Paul Chapman|57011 Reindahl Terrace, Richardson, TX|(469) 918-9529
ID000692|536-88-7676|Cheryl Taylor|4916 Stang Hill, Plano, TX|(469) 602-9760
ID000693|753-82-4781|Linda Nelson|46 Lukken Hill, Dallas, TX|(214) 728-3594
ID000694|617-28-1448|Edward Harvey|2989 Leroy Point, Dallas, TX|(469) 999-8714
ID000695|735-50-3554|Carolyn Chapman|9524 Amoth Lane, Dallas, TX|(214) 947-2089
ID000696|525-50-2241|Jack Hudson|2 Claremont Drive, Dallas, TX|(972) 544-4023
ID000697|534-11-4411|Adam Gardner|907 Corben Alley, Dallas, TX|(214) 548-0751
ID000698|363-38-9674|Julia Pierce|8 Heath Avenue, Richardson, TX|(469) 701-5525
ID000699|407-53-1627|Janet Robertson|20 Mesta Plaza, Dallas, TX|(214) 836-2849
ID000700|240-04-1102|Maria Romero|188 Loeprich Drive, Richardson, TX|(214) 845-7095
ID000701|472-98-6371|Diana Rogers|58 Welch Place, Dallas, TX|(469) 502-6533
ID000702|663-09-0104|Evelyn Carter|8 Fair Oaks Alley, Plano, TX|(469) 825-0017
ID000703|535-55-5684|Bruce Armstrong|9 Memorial Junction, Plano, TX|(214) 875-5764
ID000704|325-18-4093|Janice Matthews|967 Mifflin Center, Dallas, TX|(469) 914-7781
ID000705|371-06-4026|Mildred Nelson|9598 Union Terrace, Dallas, TX|(972) 452-3908
ID000706|222-63-3734|Shawn Robertson|6590 Holy Cross Way, Dallas, TX|(972) 656-2026
ID000707|276-49-3884|Elizabeth Tucker|65 Fulton Court, Dallas, TX|(214) 987-6456
ID000708|122-23-9319|Dorothy Harper|83 Boyd Center, Dallas, TX|(214) 827-1293
ID000709|323-59-6505|Jack Woods|10 Crest Line Pass, Dallas, TX|(214) 942-9460
ID000710|436-60-5376|Eric Jordan|154 Redwing Way, Richardson, TX|(469) 924-3271
ID000711|283-97-2577|Marilyn Taylor|57 Farmco Park, Dallas, TX|(214) 806-7627
ID000712|248-17-2518|Timothy Edwards|109 Larry Road, Dallas, TX|(214) 974-9365
ID000713|637-48-2284|Carol Welch|121 Ohio Road, Dallas, TX|(214) 821-0016
ID000714|164-19-4566|Sandra Reed|1876 Westend Court, Plano, TX|(469) 896-9764
ID000715|498-44-8648|Jason Dunn|90950 Sherman Way, Richardson, TX|(972) 712-6791
ID000716|741-86-2253|Paula Jordan|0 Schurz Lane, Dallas, TX|(214) 956-1394
ID000717|694-72-1725|Willie Hernandez|46 Bluejay Crossing, Dallas, TX|(469) 869-1585
ID000718|500-83-0564|Chris Phillips|2563 Macpherson Avenue, Dallas, TX|(214) 795-5477
ID000719|849-33-1958|Juan Hayes|5 Melvin Junction, Dallas, TX|(469) 666-0063
ID000720|398-41-8926|Helen Lopez|2 Maryland Park, Richardson, TX|(214) 904-8793
ID000721|642-59-9156|Justin Porter|66 Lerdahl Street, Dallas, TX|(469) 820-0587
ID000722|236-99-9327|Johnny Garcia|85 Sloan Street, Dallas, TX|(469) 962-1344
ID000723|590-51-2989|Katherine Taylor|00 Carey Alley, Dallas, TX|(469) 755-0265
ID000724|847-74-4073|Jacqueline Howell|30 Meadow Valley Trail, Dallas, TX|(972) 817-4256
ID000725|743-83-9247|Earl Richards|431 Birchwood Court, Dallas, TX|(214) 959-4661
ID000726|482-29-7565|Clarence Woods|7 Schiller Road, Plano, TX|(214) 913-1723
ID000727|209-78-7735|Jessica Gonzales|645 Rutledge Road, Dallas, TX|(972) 938-3645
ID000728|831-59-6111|Matthew Warren|4561 Texas Lane, Dallas, TX|(972) 971-6529
ID000729|280-98-5533|Kathy Smith|8726 Packers Parkway, Dallas, TX|(214) 953-4343
ID000730|925-63-9699|Keith Collins|99196 Surrey Court, Dallas, TX|(214) 788-7439
ID000731|556-38-3135|Joan Garrett|43 Scoville Pass, Plano, TX|(972) 954-7260
ID000732|434-71-8048|Diane Little|11 Donald Road, Plano, TX|(469) 688-9174
ID000733|372-72-3479|Wanda Mendoza|34327 Sunbrook Hill, Dallas, TX|(469) 569-6125
ID000734|657-61-4433|Martin Nguyen|08974 Bowman Way, Dallas, TX|(469) 996-7003
ID000735|967-28-8561|Donald Andrews|8 Kennedy Terrace, Dallas, TX|(972) 828-3356
ID000736|895-97-4019|Ruth Weaver|46239 Kipling Terrace, Dallas, TX|(214) 802-4320
ID000737|469-60-9195|Patricia Gilbert|43 Mariners Cove Center, Dallas, TX|(214) 814-7712
ID000738|286-87-5683|Carlos Ford|0 Dovetail Avenue, Dallas, TX|(214) 658-8568
ID000739|988-74-6162|Louise Arnold|55 Mandrake Crossing, Dallas, TX|(972) 903-4805
ID000740|284-97-8780|Henry Nichols|08 Oak Valley Park, Richardson, TX|(214) 941-0961
ID000741|186-84-1844|Kathleen Hayes|72 Mcguire Road, Dallas, TX|(469) 895-4109
ID000742|458-94-0428|Bonnie Mccoy|83175 Cottonwood Way, Dallas, TX|(214) 913-2990
ID000743|419-29-8694|Jerry Montgomery|10 Northland Plaza, Dallas, TX|(214) 826-7806
ID000744|219-67-5666|Jessica Mccoy|09315 Trailsway Court, Dallas, TX|(214) 918-2939
ID000745|372-21-0737|Jean Ryan|801 Hooker Center, Richardson, TX|(214) 998-5831
ID000746|338-73-5511|Joyce Clark|360 Hovde Way, Dallas, TX|(469) 853-7767
ID000747|593-87-1261|Marilyn Cruz|4 Esker Plaza, Dallas, TX|(469) 947-7763
ID000748|132-70-2552|Christine Young|70 Meadow Valley Pass, Richardson, TX|(972) 989-7753
ID000749|795-84-3330|Marie Phillips|8 Pleasure Drive, Dallas, TX|(469) 603-0113
ID000750|645-65-7799|Ann Bryant|451 Sundown Drive, Dallas, TX|(214) 940-1980
ID000751|338-60-5273|Bruce Bailey|1228 Warner Hill, Dallas, TX|(972) 785-6558
ID000752|171-35-4592|Julie Fields|0 Hayes Alley, Dallas, TX|(214) 226-5537
ID000753|872-37-7791|Gregory Schmidt|998 Merchant Circle, Dallas, TX|(972) 990-8419
ID000754|264-34-8300|Marilyn Ryan|877 Forster Lane, Dallas, TX|(469) 900-2911
ID000755|361-84-6572|Julia Long|472 Forest Trail, Dallas, TX|(972) 934-8954
ID000756|538-33-3604|Victor Peterson|3653 Sage Parkway, Dallas, TX|(214) 965-4668
ID000757|294-41-0480|Sara Ruiz|75507 Center Way, Richardson, TX|(214) 988-8363
ID000758|286-27-4771|Roy Barnes|4505 Transport Drive, Dallas, TX|(469) 530-2193
ID000759|528-82-3250|Anthony Carpenter|61 Karstens Plaza, Dallas, TX|(214) 939-8741
ID000760|774-66-2989|Jessica Rodriguez|3969 Springview Court, Dallas, TX|(469) 846-8175
ID000761|147-96-7903|Craig Carter|3 Hayes Plaza, Dallas, TX|(214) 974-6461
ID000762|126-49-2208|Brandon Ellis|9617 Summit Terrace, Dallas, TX|(469) 767-8210
ID000763|509-31-0770|Richard Torres|19723 Cherokee Drive, Dallas, TX|(972) 915-3282
ID000764|335-36-3231|Janet Mcdonald|63455 Division Park, Plano, TX|(469) 586-2793
ID000765|862-42-5821|Raymond Campbell|495 Mallard Street, Dallas, TX|(214) 881-9579
ID000766|430-93-4149|Mark Fields|03 Menomonie Junction, Dallas, TX|(972) 919-4515
ID000767|936-04-6604|William Cox|2 Veith Junction, Dallas, TX|(972) 897-9587
ID000768|795-03-9664|Ruby Hansen|759 Mandrake Avenue, Dallas, TX|(214) 912-1668
ID000769|737-18-1574|Phillip Richards|29931 Northridge Trail, Dallas, TX|(972) 783-3567
ID000770|286-37-8304|Richard Jordan|76466 Milwaukee Lane, Dallas, TX|(469) 998-7983
ID000771|314-52-2705|Marie Perez|38 Summer Ridge Court, Dallas, TX|(469) 682-4358
ID000772|574-79-3097|Cheryl Butler|68 Maple Court, Dallas, TX|(469) 448-2582
ID000773|835-29-8866|Michelle Carpenter|99896 New Castle Trail, Dallas, TX|(469) 780-0762
ID000774|496-59-9897|Adam Cooper|74125 Laurel Center, Dallas, TX|(214) 812-8288
ID000775|368-19-9311|Nancy Shaw|347 Oak Plaza, Dallas, TX|(214) 849-5837
ID000776|414-22-2220|Ernest Gomez|34530 Donald Pass, Dallas, TX|(972) 966-3976
ID000777|888-89-3056|Wanda Wilson|3 Rockefeller Point, Dallas, TX|(214) 783-6562
ID000778|572-70-8409|Melissa Bailey|94627 Hoard Parkway, Dallas, TX|(972) 870-8953
ID000779|114-71-5828|Clarence Gray|797 Merrick Way, Dallas, TX|(972) 951-5685
ID000780|104-43-3663|Janice Hunter|3 Sheridan Trail, Dallas, TX|(972) 888-0899
ID000781|329-05-3664|Raymond Murray|3083 Crescent Oaks Road, Dallas, TX|(972) 900-8986
ID000782|447-69-9321|Bruce Hansen|88200 Johnson Alley, Dallas, TX|(214) 892-9528
ID000783|937-66-7915|Ryan Mccoy|27278 American Ash Avenue, Dallas, TX|(469) 786-6255
ID000784|764-89-6736|Jerry Fowler|0 Lighthouse Bay Circle, Dallas, TX|(214) 653-3127
ID000785|134-92-4609|Frank Harper|8 Fairview Drive, Dallas, TX|(972) 810-8573
ID000786|571-08-1675|George Garza|0 Granby Lane, Dallas, TX|(469) 758-5662
ID000787|914-59-1431|Sharon Olson|7705 Ridge Oak Plaza, Richardson, TX|(972) 982-4528
ID000788|310-91-2067|Kathryn Reed|086 Bunker Hill Way, Dallas, TX|(972) 937-2108
ID000789|925-52-2771|Randy Weaver|5 Del Mar Junction, Richardson, TX|(214) 853-7737
ID000790|193-13-7825|Linda Washington|8122 Sachtjen Circle, Richardson, TX|(972) 914-5391
ID000791|799-37-4997|Elizabeth Anderson|80 Dunning Circle, Dallas, TX|(469) 881-4443
ID000792|981-69-8236|Henry Kim|9861 Elmside Crossing, Dallas, TX|(214) 912-9599
ID000793|124-22-8351|Earl Morales|16 Manley Pass, Dallas, TX|(214) 651-0786
ID000794|980-98-1968|Howard Ford|31553 5th Place, Richardson, TX|(972) 940-7458
ID000795|486-25-9016|Tammy Fox|29405 Hauk Road, Dallas, TX|(214) 997-3240
ID000796|765-53-6457|Sarah Hicks|38 Lighthouse Bay Pass, Plano, TX|(214) 901-9314
ID000797|750-87-6481|Diana Montgomery|2 Welch Parkway, Dallas, TX|(214) 603-6856
ID000798|796-84-4632|Joan Boyd|393 School Plaza, Dallas, TX|(469) 882-9965
ID000799|944-12-9610|Barbara Simmons|678 Barnett Point, Dallas, TX|(469) 415-7518
ID000800|604-14-8118|Keith Carroll|46912 Veith Place, Dallas, TX|(214) 821-2150
ID000801|554-70-7857|Ruby Bryant|0502 Dorton Place, Dallas, TX|(214) 583-2918
ID000802|968-07-8691|Andrew Holmes|87963 Darwin Plaza, Dallas, TX|(469) 993-5278
ID000803|848-01-1355|Juan King|3344 Schlimgen Point, Dallas, TX|(972) 823-3180
ID000804|522-56-7195|Michael Warren|1 Northwestern Road, Dallas, TX|(469) 912-0181
ID000805|263-49-6672|Randy Wagner|28585 Iowa Pass, Richardson, TX|(972) 981-8393
ID000806|916-96-2811|Jose Kelly|088 Cambridge Trail, Plano, TX|(972) 832-9963
ID000807|304-18-5907|Peter Ford|3 Boyd Point, Dallas, TX|(214) 978-2937
ID000808|381-33-3107|Peter Edwards|70349 Hallows Way, Richardson, TX|(214) 991-6626
ID000809|211-11-0916|Louise Peters|79475 Morrow Pass, Dallas, TX|(972) 902-4551
ID000810|343-23-0976|Stephanie Perry|08750 Forest Dale Road, Dallas, TX|(214) 899-9004
ID000811|792-44-4178|Lawrence Adams|38 Forster Terrace, Dallas, TX|(214) 925-8866
ID000812|443-86-2495|Gregory Hansen|419 Longview Trail, Plano, TX|(469) 899-8651
ID000813|797-38-1593|Ralph Medina|74 High Crossing Lane, Plano, TX|(469) 953-9007
ID000814|223-83-8666|Joan Cooper|52 Fremont Road, Dallas, TX|(972) 842-0287
ID000815|732-67-6734|Karen George|560 Menomonie Plaza, Dallas, TX|(469) 551-3026
ID000816|639-56-1250|Theresa Cunningham|8148 Florence Drive, Dallas, TX|(469) 861-6774
ID000817|506-61-7033|Dennis Young|378 Carberry Place, Dallas, TX|(214) 602-2841
ID000818|789-55-8630|Joseph Castillo|4 Surrey Park, Dallas, TX|(469) 916-0494
ID000819|100-43-9457|Eugene Fisher|977 Gina Junction, Dallas, TX|(972) 926-5775
ID000820|622-93-0486|Elizabeth Medina|044 Prentice Center, Plano, TX|(972) 969-7931
ID000821|236-05-8310|Joyce Arnold|48306 Moulton Plaza, Plano, TX|(972) 958-8893
ID000822|294-25-9318|William Ramos|20 Red Cloud Trail, Richardson, TX|(972) 950-2750
ID000823|317-84-2700|Billy Reed|2 Loftsgordon Alley, Dallas, TX|(972) 853-0282
ID000824|802-25-7025|Scott Carr|9 Memorial Place, Dallas, TX|(469) 979-5007
ID000825|713-06-2568|Doris Carpenter|55093 Bunting Pass, Dallas, TX|(972) 413-6984
ID000826|863-24-4380|Aaron Kennedy|51078 Fisk Parkway, Dallas, TX|(214) 900-5041
ID000827|957-88-2521|Eugene George|32186 Katie Park, Dallas, TX|(469) 642-7160
ID000828|971-59-7462|Marilyn Washington|7639 Northfield Park, Dallas, TX|(214) 531-0051
ID000829|778-11-2383|Sara Patterson|938 Vermont Crossing, Dallas, TX|(972) 871-5585
ID000830|432-34-5988|Samuel Henry|031 Hintze Terrace, Dallas, TX|(972) 825-3266
ID000831|110-87-5003|Phillip Kennedy|41 Leroy Center, Dallas, TX|(469) 995-0612
ID000832|862-95-3192|Robin Welch|4 Texas Trail, Dallas, TX|(972) 778-2143
ID000833|639-00-1709|Rose Garrett|2384 Carey Road, Plano, TX|(214) 860-5621
ID000834|687-26-7934|Rebecca Meyer|38 Nelson Lane, Plano, TX|(972) 936-2303
ID000835|648-00-1339|Michelle Reid|7 Sunbrook Circle, Dallas, TX|(469) 941-2469
ID000836|362-56-0347|Judy Rice|49031 Saint Paul Avenue, Dallas, TX|(469) 935-1827
ID000837|840-08-8767|Kevin Carroll|36 Jana Lane, Dallas, TX|(469) 964-0568
ID000838|268-14-2587|Kathryn Owens|664 Clemons Hill, Dallas, TX|(214) 812-2116
ID000839|211-96-5010|Brian Elliott|28 Graedel Hill, Dallas, TX|(972) 857-3817
ID000840|704-93-5430|Keith Alvarez|73423 Mallard Park, Dallas, TX|(972) 985-3882
ID000841|493-28-0872|Christopher Hamilton|42 Johnson Place, Plano, TX|(972) 756-5173
ID000842|104-87-2254|Mildred Washington|093 Reindahl Alley, Dallas, TX|(469) 863-5699
ID000843|634-96-0779|Maria Patterson|435 Mockingbird Road, Dallas, TX|(214) 689-4556
ID000844|973-88-0017|Tammy Romero|77652 Quincy Junction, Dallas, TX|(469) 653-5925
ID000845|701-06-3601|Shirley Ellis|74 Boyd Circle, Dallas, TX|(469) 920-2738
ID000846|948-86-4146|Gerald Carter|6829 Aberg Park, Dallas, TX|(214) 994-1903
ID000847|405-84-3532|Sandra Diaz|73631 Arapahoe Plaza, Dallas, TX|(214) 832-3930
ID000848|648-26-1008|Joyce Miller|2 Annamark Center, Dallas, TX|(972) 961-6545
ID000849|401-78-7678|Edward Freeman|415 Di Loreto Plaza, Plano, TX|(972) 989-4204
ID000850|138-67-0395|Willie Griffin|990 Moland Lane, Dallas, TX|(214) 928-8621
ID000851|576-90-5231|Eugene Gibson|11945 Delaware Trail, Dallas, TX|(972) 954-4027
ID000852|511-59-7913|Beverly Carroll|7263 Mariners Cove Park, Dallas, TX|(214) 917-7386
ID000853|427-26-2369|Kevin Weaver|9746 Springview Lane, Dallas, TX|(469) 942-2408
ID000854|981-70-0822|Diana Collins|00 Stoughton Pass, Dallas, TX|(972) 804-5134
ID000855|842-92-6012|Melissa Cole|405 Lukken Park, Dallas, TX|(972) 786-8554
ID000856|842-48-2817|Willie Young|4 Bowman Lane, Dallas, TX|(214) 928-4186
ID000857|420-41-5414|Juan Nichols|8095 Grover Point, Dallas, TX|(469) 804-3343
ID000858|571-34-6457|Kevin Mason|132 Huxley Street, Dallas, TX|(469) 973-8133
ID000859|977-49-7404|Ronald Owens|160 Forster Court, Plano, TX|(214) 986-1282
ID000860|625-10-0221|Howard Mason|725 Shelley Street, Dallas, TX|(972) 884-9005
ID000861|344-02-3503|Scott Sullivan|3 Dottie Way, Dallas, TX|(972) 881-9868
ID000862|217-52-9370|Margaret Payne|706 Spenser Drive, Plano, TX|(972) 760-0404
ID000863|676-28-3465|Ashley Dixon|07278 Arizona Road, Dallas, TX|(972) 818-9660
ID000864|927-53-6184|Marilyn Vasquez|85753 Sommers Parkway, Plano, TX|(214) 435-8942
ID000865|369-13-2148|Amanda Olson|2 Thompson Hill, Dallas, TX|(972) 979-2331
ID000866|275-69-7155|Heather Fernandez|18106 Beilfuss Way, Dallas, TX|(469) 854-7653
ID000867|993-11-4983|Stephanie Diaz|52331 Monica Drive, Dallas, TX|(214) 912-8213
ID000868|867-83-7085|Roy Kelly|7053 Old Gate Alley, Dallas, TX|(469) 974-8373
ID000869|466-06-1410|Scott Chavez|3 Kingsford Avenue, Dallas, TX|(469) 963-3427
ID000870|632-92-1297|Donna Mitchell|4741 Kenwood Junction, Dallas, TX|(214) 951-3865
ID000871|585-80-2785|Louis Harris|2747 Rieder Plaza, Dallas, TX|(214) 886-3021
ID000872|512-23-3537|Henry Hansen|2900 Surrey Street, Dallas, TX|(214) 964-2420
ID000873|772-62-3065|Kathryn Porter|53 Dapin Parkway, Dallas, TX|(972) 844-8439
ID000874|190-88-7543|Anne Johnson|20069 Melvin Center, Dallas, TX|(214) 975-6054
ID000875|329-18-4164|Todd Taylor|97238 Onsgard Trail, Dallas, TX|(214) 937-3241
ID000876|654-19-5151|Julia Fernandez|34619 Marcy Crossing, Dallas, TX|(972) 966-9920
ID000877|591-02-8727|Craig Robinson|30 Sutteridge Point, Dallas, TX|(469) 919-0979
ID000878|299-37-0401|Nancy Shaw|5834 Village Crossing, Dallas, TX|(214) 788-2516
ID000879|939-58-3158|Lawrence Nichols|6423 Roth Park, Dallas, TX|(214) 925-2580
ID000880|170-66-3784|Jimmy Diaz|0301 Oriole Lane, Dallas, TX|(469) 473-0533
ID000881|740-80-4320|Bobby Mcdonald|3 Scoville Drive, Dallas, TX|(972) 527-7603
ID000882|953-63-4906|Jesse Cunningham|790 Marquette Hill, Dallas, TX|(214) 936-7626
ID000883|200-60-0963|Gregory Andrews|361 Sachs Crossing, Dallas, TX|(214) 973-0715
ID000884|499-38-8289|Tina Rogers|79 Forest Dale Road, Dallas, TX|(469) 984-9258
ID000885|312-18-8191|Henry Allen|9 Pennsylvania Street, Dallas, TX|(972) 939-2237
ID000886|215-99-1270|Carolyn Gordon|6 Fuller Avenue, Richardson, TX|(469) 829-5466
ID000887|154-27-1288|Louise Hudson|04798 Loeprich Alley, Dallas, TX|(972) 955-8037
ID000888|772-41-5591|John Vasquez|52 Darwin Park, Dallas, TX|(469) 978-1123
ID000889|888-06-1132|Kathryn Graham|45 Everett Pass, Dallas, TX|(469) 921-3046
ID000890|992-83-5801|Patricia Perkins|0 Heffernan Drive, Dallas, TX|(972) 971-8654
ID000891|252-88-4550|Henry Arnold|47 Becker Lane, Plano, TX|(972) 470-2949
ID000892|534-51-9042|Ruby Bishop|5 International Point, Dallas, TX|(972) 944-4239
ID000893|292-84-4463|Phyllis Dunn|8316 Calypso Court, Dallas, TX|(214) 835-0529
ID000894|144-30-3599|Louise Wood|000 Mccormick Plaza, Dallas, TX|(972) 914-5297
ID000895|895-44-1229|Tammy Shaw|0 Carey Parkway, Richardson, TX|(214) 905-2378
ID000896|955-03-9519|Eric Rivera|466 Tony Circle, Dallas, TX|(972) 932-9658
ID000897|743-94-0520|Joe Williams|748 Schlimgen Avenue, Dallas, TX|(972) 852-8033
ID000898|140-10-0901|Aaron Snyder|1 American Ash Avenue, Dallas, TX|(214) 936-9743
ID000899|210-06-2715|Louis Clark|4284 Norway Maple Lane, Dallas, TX|(972) 872-7570
ID000900|357-34-7649|Sarah Chavez|3 Schmedeman Court, Dallas, TX|(972) 524-1820
ID000901|427-38-8763|Robin Ellis|67445 Dunning Lane, Richardson, TX|(972) 866-1973
ID000902|315-41-8687|Jessica Davis|12957 Independence Drive, Plano, TX|(972) 842-5888
ID000903|829-97-1624|Lillian Stone|919 Judy Way, Dallas, TX|(972) 851-2126
ID000904|347-88-9624|Ruth Stanley|1 Warrior Pass, Dallas, TX|(972) 911-0228
ID000905|840-39-1806|Jesse Duncan|7787 Haas Hill, Dallas, TX|(972) 683-9815
ID000906|637-53-4929|Lori Hunter|39 Swallow Place, Richardson, TX|(469) 642-4787
ID000907|136-04-3559|Tammy Robinson|0378 Longview Plaza, Dallas, TX|(469) 933-2520
ID000908|713-24-6764|James Dunn|2 Luster Hill, Dallas, TX|(214) 849-9192
ID000909|414-66-2512|Earl White|3645 Ramsey Place, Dallas, TX|(972) 936-8134
ID000910|613-21-6220|Jeremy Rogers|91121 Moulton Plaza, Plano, TX|(469) 842-8404
ID000911|733-94-6852|Earl Chapman|45 Moulton Junction, Dallas, TX|(972) 997-7819
ID000912|606-73-0914|Dorothy Miller|52 Hazelcrest Crossing, Dallas, TX|(214) 803-3680
ID000913|154-97-3290|Anna Lopez|49 3rd Terrace, Dallas, TX|(214) 959-4100
ID000914|369-65-4229|Gary Fuller|59 Macpherson Crossing, Dallas, TX|(214) 968-9302
ID000915|507-57-2316|Angela Nguyen|45542 Rutledge Avenue, Dallas, TX|(214) 978-0162
ID000916|325-17-0156|Paula Frazier|916 Maywood Court, Plano, TX|(214) 934-1206
ID000917|866-10-0944|Daniel Johnson|76702 Caliangt Circle, Dallas, TX|(469) 828-8109
ID000918|650-99-3347|Raymond Burke|3001 Corscot Drive, Dallas, TX|(469) 749-0551
ID000919|417-25-3686|Anna Flores|730 Vera Avenue, Dallas, TX|(214) 820-9633
ID000920|128-67-5708|Kathleen Reed|89 Tomscot Street, Dallas, TX|(214) 941-0107
ID000921|412-58-0911|Linda Garcia|1 Luster Street, Dallas, TX|(972) 910-1369
ID000922|312-56-2889|Kevin Turner|3034 Kipling Drive, Dallas, TX|(214) 835-8339
ID000923|122-17-0911|Juan Dunn|18 Oak Drive, Dallas, TX|(214) 857-0040
ID000924|548-70-2653|Arthur Lane|79797 Fieldstone Circle, Richardson, TX|(214) 848-0150
ID000925|922-65-9466|Deborah Medina|4 Cambridge Park, Dallas, TX|(972) 679-5235
ID000926|380-74-6132|Lisa Castillo|856 Mitchell Junction, Dallas, TX|(469) 996-6025
ID000927|148-76-3309|Louis Rivera|210 Sunfield Trail, Dallas, TX|(469) 940-0843
ID000928|648-41-9002|Catherine Hunt|241 Gulseth Crossing, Dallas, TX|(469) 929-6433
ID000929|253-50-1861|Bobby Gomez|53 Kipling Place, Richardson, TX|(469) 747-8105
ID000930|237-32-1975|Johnny Jenkins|6757 Buena Vista Park, Dallas, TX|(214) 711-0231
ID000931|304-04-2180|Richard Sanchez|6 Bonner Road, Dallas, TX|(214) 789-8437
ID000932|416-32-8500|Fred Peterson|723 Emmet Avenue, Dallas, TX|(214) 929-0915
ID000933|731-41-2008|Gerald Jacobs|539 Pond Point, Richardson, TX|(972) 929-5037
ID000934|680-37-1075|Teresa Perry|67 Porter Center, Dallas, TX|(469) 937-7720
ID000935|358-57-1779|Joyce Watson|033 Fieldstone Pass, Dallas, TX|(469) 976-1235
ID000936|399-11-8418|Antonio Crawford|94232 Hudson Drive, Dallas, TX|(469) 818-0847
ID000937|263-34-5944|Shawn Hanson|88 Prairieview Terrace, Dallas, TX|(469) 712-3956
ID000938|871-14-1691|Sandra Hayes|8 Morning Parkway, Dallas, TX|(972) 901-1242
ID000939|651-25-8004|Jimmy Garrett|43 Clyde Gallagher Terrace, Dallas, TX|(972) 984-4957
ID000940|484-44-5282|Antonio Lawrence|08482 Merry Alley, Dallas, TX|(972) 843-3635
ID000941|983-14-0730|Marie Medina|7338 Pierstorff Circle, Richardson, TX|(469) 810-7312
ID000942|716-92-1888|Juan Allen|5 Victoria Alley, Dallas, TX|(469) 979-2886
ID000943|309-24-3620|Gerald Porter|11934 Upham Point, Dallas, TX|(214) 706-8751
ID000944|776-60-4123|Todd Brooks|7838 Moland Plaza, Dallas, TX|(469) 781-0440
ID000945|679-76-7522|Jean Rice|48712 Mockingbird Road, Dallas, TX|(469) 935-5450
ID000946|729-59-6353|Jack Day|2107 Kipling Plaza, Dallas, TX|(214) 913-6444
ID000947|628-48-3788|Amy Woods|5 Shoshone Crossing, Dallas, TX|(469) 773-4866
ID000948|785-13-2932|Raymond Greene|55619 Surrey Plaza, Dallas, TX|(469) 983-7473
ID000949|101-97-8660|Arthur Wright|158 John Wall Street, Dallas, TX|(214) 941-5089
ID000950|946-46-6223|Daniel Hunt|13709 Mariners Cove Center, Richardson, TX|(972) 915-2723
ID000951|481-28-6748|Julie Hamilton|6209 Ludington Pass, Dallas, TX|(972) 812-7230
ID000952|864-59-5290|Diana Garza|83139 Warrior Parkway, Dallas, TX|(972) 872-4808
ID000953|370-11-1197|Walter Cruz|463 Hanover Junction, Dallas, TX|(972) 836-9111
ID000954|850-05-9666|Mildred Ramirez|7 Anderson Lane, Dallas, TX|(972) 826-9318
ID000955|475-45-2130|Jean Gilbert|769 Colorado Center, Dallas, TX|(469) 850-6077
ID000956|704-23-0250|Frances Porter|16 Farwell Park, Dallas, TX|(214) 958-6327
ID000957|847-54-7019|Jane Carter|746 East Court, Dallas, TX|(469) 859-2686
ID000958|316-40-2743|Johnny Perry|5091 Melrose Court, Dallas, TX|(469) 783-2541
ID000959|973-44-7229|Donald Powell|1901 Laurel Pass, Dallas, TX|(972) 917-5123
ID000960|597-54-1860|Russell Morales|6 Continental Hill, Dallas, TX|(469) 833-1681
ID000961|853-02-8515|Earl Smith|73 Towne Hill, Dallas, TX|(469) 919-5433
ID000962|961-10-2631|Jane Phillips|9 Northland Place, Dallas, TX|(469) 981-5694
ID000963|340-38-2920|Ruby Black|01580 Main Alley, Dallas, TX|(214) 839-6582
ID000964|650-36-9913|Teresa Fernandez|50 Arrowood Circle, Richardson, TX|(972) 918-7531
ID000965|940-61-5781|Jacqueline Hamilton|792 Burrows Lane, Dallas, TX|(972) 785-5033
ID000966|136-33-6897|Anthony Elliott|82 Harper Lane, Dallas, TX|(972) 942-6006
ID000967|780-32-3564|Louise Henderson|58 Southridge Way, Dallas, TX|(469) 897-6813
ID000968|174-47-0894|Lillian Cruz|1202 Nevada Crossing, Dallas, TX|(469) 577-0003
ID000969|235-78-1401|David Davis|6266 Debs Place, Dallas, TX|(214) 864-7187
ID000970|919-55-8047|Janice Price|269 Farragut Trail, Dallas, TX|(214) 941-9869
ID000971|687-90-1452|Donald Palmer|12 5th Junction, Richardson, TX|(469) 677-4531
ID000972|535-61-9932|Donald Washington|978 Moose Plaza, Dallas, TX|(972) 844-7608
ID000973|328-03-3548|Jessica Jones|37 Melrose Court, Richardson, TX|(972) 906-0660
ID000974|608-66-0102|Amy Coleman|2562 Pond Junction, Dallas, TX|(214) 954-7729
ID000975|894-17-1936|Marie Ryan|4287 Canary Center, Dallas, TX|(469) 924-4203
ID000976|882-93-4808|Gloria Barnes|149 Columbus Avenue, Dallas, TX|(214) 797-0275
ID000977|328-50-2075|Charles Lawrence|7 Randy Terrace, Dallas, TX|(972) 813-8851
ID000978|179-35-6366|Patricia Hill|2506 Ridgeway Drive, Richardson, TX|(469) 932-9594
ID000979|223-32-8250|Ryan Young|40252 Lyons Terrace, Dallas, TX|(214) 742-4030
ID000980|504-76-4400|Willie Woods|99 Sunbrook Circle, Dallas, TX|(214) 810-2688
ID000981|131-82-6807|Cynthia Webb|6016 Leroy Way, Dallas, TX|(214) 975-2196
ID000982|470-80-0995|Joyce Cox|5027 Meadow Vale Way, Richardson, TX|(972) 832-4867
ID000983|210-87-6619|Debra Kim|303 Bashford Road, Plano, TX|(469) 747-4090
ID000984|757-76-0049|Louise Harrison|13 American Ash Place, Richardson, TX|(214) 897-8864
ID000985|641-17-6232|Douglas Day|264 Packers Place, Dallas, TX|(469) 868-2443
ID000986|690-30-6386|Jane Hughes|05 Tony Junction, Dallas, TX|(972) 963-9605
ID000987|405-00-7979|Joan Wagner|76837 Heath Trail, Dallas, TX|(972) 841-3593
ID000988|697-50-5730|Joyce Gibson|0605 Old Shore Avenue, Dallas, TX|(469) 840-4916
ID000989|659-02-3329|Paula Harrison|7 Swallow Pass, Dallas, TX|(469) 622-5174
ID000990|647-36-9732|Bobby Dunn|785 Graedel Place, Plano, TX|(972) 923-3432
ID000991|659-27-5045|Bonnie Ross|81741 Hallows Plaza, Dallas, TX|(214) 930-4665
ID000992|923-61-2260|Dennis Wheeler|8321 Mendota Crossing, Dallas, TX|(214) 932-7040
ID000993|646-30-1413|Jason Gutierrez|7 Pearson Way, Dallas, TX|(972) 990-8290
ID000994|968-11-7539|Diana Spencer|467 Menomonie Alley, Richardson, TX|(972) 850-9653
ID000995|784-77-6035|Jessica Thompson|73 Mandrake Center, Dallas, TX|(972) 728-3395
ID000996|468-32-4617|Sean Pierce|07 Laurel Park, Dallas, TX|(469) 987-3050
ID000997|647-49-5762|Alan Stewart|74154 Drewry Street, Dallas, TX|(469) 944-5061
ID000998|345-58-9435|Janice Robinson|7791 Maple Hill, Dallas, TX|(972) 855-6553
ID000999|504-57-5850|Barbara Carroll|5989 4th Avenue, Dallas, TX|(214) 999-2405
ID001000|362-54-6087|Lori Mccoy|71 Evergreen Crossing, Dallas, TX|(972) 975-7324
